9DJN	Adventure Time - Hey Ice King! Why'd You Steal Our Garbage!! (USA) (Beta)
A2AA	Pokemon Ultra Sun (USA) (En,Ja,Fr,De,Es,It,Zh,Ko)
A2BA	Pokemon Ultra Moon (USA) (En,Ja,Fr,De,Es,It,Zh,Ko)
A3RE	Mario & Luigi - Bowser's Inside Story + Bowser Jr.'s Journey (USA)
A3RP	Mario & Luigi - Bowser's Inside Story + Bowser Jr.'s Journey (Europe) (En,Fr,De,Es,It)
A49E	Go! Go! Kokopolo 3D - Space Recipe For Disaster (USA)
A4AE	Fragrant Story (USA)
A5LE	Go! Go! Kokopolo - Harmonious Forest Revenge (USA)
A66E	Samurai Warriors - Chronicles (USA)
A66P	Samurai Warriors - Chronicles (Europe)
A8FE	Farming Simulator 18 (USA)
A8FP	Farming Simulator 18 (Europe) (En,Fr,De,Es,It,Pt,Pl,Ru)
A98A	Detective Pikachu (USA) (En,Ja,Fr,De,Es,It,Zh)
A9AE	Metroid - Samus Returns (USA) (En,Fr,Es)
A9AP	Metroid - Samus Returns (Europe) (En,Fr,De,Es,It,Nl)
A9EP	Dillon's Dead-Heat Breakers (Europe) (En,Fr,De,Es,It)
AA6P	I Love My Pets (Europe) (En,Fr,De,Es,It,Nl,Pt,Sv,No,Da,Fi)
AA8E	LEGO City Undercover - The Chase Begins (USA) (En,Fr,Es)
AA8P	LEGO City Undercover - The Chase Begins (Europe) (En,Fr,De,Es,It,Nl,Pt,Da,Ru)
AA9E	Moshi Monsters - Moshlings Theme Park (USA)
AA9P	Moshi Monsters - Moshlings Theme Park (Europe)
AABE	Tales of the Abyss (USA)
AABP	Tales of the Abyss (Europe)
AACE	Art Academy - Lessons for Everyone! (USA) (En,Fr,Es)
AACP	New Art Academy (Europe) (En,Fr,De,Es,It,Nl,Pt,Ru)
AAEP	Games Festival 1 (Europe) (En,Fr,De,Es,It,Nl,Pt,Sv,No,Da,Fi)
AAFP	Games Festival 2 (Europe) (En,Fr,De,Es,It,Nl,Pt,Sv,No,Da,Fi)
AAGP	Puzzler Brain Games (Europe) (En,Fr,De,Es,It)
AAHE	Monster Hunter Stories (USA)
AAHP	Monster Hunter Stories (Europe) (En,Fr,De,Es,It,Nl)
AAJP	Mystery Murders - Jack the Ripper (Europe) (En,Fr)
AANE	Turbo - Super Stunt Squad (USA) (En,Fr,Es)
AANP	Turbo - Super Stunt Squad (Europe) (En,Fr,De,Es,It)
AAPP	My Riding Stables 3D - Jumping for the Team (Europe) (En,Fr,De,It,Nl)
AAQP	Mystery Case Files - Ravenhearst (Europe) (En,Fr,De,Nl)
AASP	Hidden Expedition - Titanic (Europe) (En,Fr,De,Nl)
AAVE	Barbie Dreamhouse Party (USA) (En,Fr,Es)
AAVP	Barbie Dreamhouse Party (Europe) (En,Fr,De,Es,It,Nl,Sv,No,Da,Fi)
AAWE	Phineas and Ferb - Quest for Cool Stuff (USA)
AAWP	Phineas and Ferb - Quest for Cool Stuff (Europe) (En,Fr,De,Es,It)
AAZE	Cars 2 (USA) (En,Fr,Es)
AAZP	Cars 2 (Europe) (En,Fr,De,Es,It,Nl)
AAZZ	Cars 2 (Europe) (En,Sv,No,Da,Fi)
AB2P	Bella Sara - The Magical Horse Adventures (Europe) (En,Fr,De,Es,It,Nl,Pt,Sv,No,Da,Fi)
AB5E	Bratz - Fashion Boutique (USA)
AB6P	Bowling Bonanza 3D (Europe) (En,Fr,De,Es,It,Nl)
AB7P	Cocoto - Alien Brick Breaker (Europe) (En,Fr,De,Es,It,Nl,Pt,Sv,No,Da,Fi)
ABAE	Imagine - Babyz (USA) (En,Fr,Es)
ABAP	Imagine - Babies 3D (Europe) (En,Fr,De,Es,It,Nl)
ABBE	Bust-A-Move Universe (USA) (En,Fr,Es)
ABBP	Puzzle Bobble Universe (Europe) (En,Fr,De,Es,It)
ABEE	New Super Mario Bros. 2 (USA) (En,Fr,Es)
ABEP	New Super Mario Bros. 2 (Europe) (En,Fr,De,Es,It,Nl,Pt,Ru)
ABLP	Blazblue - Continuum Shift II (Europe) (En,Ja,Zh,Ko)
ABLZ	Blazblue - Continuum Shift II (USA) (En,Ja,Zh,Ko)
ABME	Resident Evil - The Mercenaries 3D (USA) (En,Fr)
ABMP	Resident Evil - The Mercenaries 3D (Europe) (En,Fr,De,Es,It)
ABNE	Ben 10 - Galactic Racing (USA) (En,Fr,Es)
ABNP	Ben 10 - Galactic Racing (Europe) (En,Fr,De,Es,It)
ABQE	Harvest Moon 3D - A New Beginning (USA)
ABQP	Harvest Moon 3D - A New Beginning (Europe)
ABRE	Resident Evil - Revelations (USA) (En,Ja,Fr,De,Es,It)
ABRP	Resident Evil - Revelations (Europe) (En,Ja,Fr,De,Es,It)
ABSE	Battleship (USA) (En,Fr)
ABSP	Battleship (Europe) (En,Fr,De,Es,It)
ABTE	Bit.Trip Saga (USA)
ABTP	Bit.Trip Saga (Europe)
ABUP	My Exotic Farm (Europe) (En,Fr,De,Es,It,Nl,Pt,Sv,No,Da,Fi)
ABVE	Ben 10 - Omniverse (USA) (En,Fr,Es)
ABVP	Ben 10 - Omniverse (Europe) (En,Fr,De,Es,It,Ru)
ABWE	Brunswick Pro Bowling (USA)
ABYE	Barbie - Groom and Glam Pups (USA) (En,Fr,Es)
ABYP	Barbie - Fun & Fashion Dogs (Europe) (En,Fr,De,Es,It,Nl)
ABZE	Boulder Dash-XL 3D (USA)
ABZP	Boulder Dash-XL 3D (Europe) (En,Fr,De,Es,It)
AC2E	Crash City Mayhem (USA)
AC3E	Ace Combat - Assault Horizon Legacy (USA) (En,Fr,Es)
AC3P	Ace Combat - Assault Horizon Legacy (Europe) (En,Fr,De,Es,It)
AC5E	50 Classic Games 3D (USA) (En,Fr,Es)
AC7E	Code of Princess (USA)
AC8E	RollerCoaster Tycoon 3D (USA)
AC8P	RollerCoaster Tycoon 3D (Europe) (En,Fr,De,Es,It)
AC9E	NASCAR Unleashed (USA)
ACAE	Captain America - Super Soldier (USA) (En,Fr,Es)
ACAP	Captain America - Super Soldier (Europe) (En,Fr,De,Es,It)
ACCE	Pokemon Rumble Blast (USA)
ACCP	Super Pokemon Rumble (Europe) (En,Fr,De,Es,It)
ACFE	Castlevania - Lords of Shadow - Mirror of Fate (USA) (En,Fr,Es)
ACFP	Castlevania - Lords of Shadow - Mirror of Fate (Europe) (En,Fr,De,Es,It)
ACGE	Classic Games Overload - Card & Puzzle Edition (USA)
ACLE	Style Savvy - Trendsetters (USA)
ACLP	Nintendo presents - New Style Boutique (Europe) (En,Fr,De,Es,It)
ACME	Mario & Sonic at the London 2012 Olympic Games (USA) (En,Fr,Es)
ACMP	Mario & Sonic at the London 2012 Olympic Games (Europe) (En,Fr,De,Es,It,Nl)
ACNE	Cartoon Network - Punch Time Explosion (USA)
ACNP	Cartoon Network - Punch Time Explosion (Europe) (En,Fr,De,Es,It)
ACPE	Centipede - Infestation (USA) (En,Fr,Es)
ACQE	Cooking Mama 4 - Kitchen Magic (USA)
ACQP	Cooking Mama 4 (Europe) (En,Fr,De,Es,It)
ACRE	Crush 3D (USA) (En,Fr,Es)
ACRP	Crush 3D (Europe) (En,Fr,De,Es,It)
ACTE	Puppies 3D (USA) (En,Fr,Es)
ACTP	Puppies World 3D (Europe) (En,Fr,De,Es,It)
ACVE	Cave Story 3D (USA)
ACVP	Cave Story 3D (Europe)
ACWP	Chevrolet Camaro - Wild Ride 3D (Europe) (En,Fr,De,Es,It,Nl)
ACZP	Cube, The (Europe) (En,Es,It)
AD2E	Deer Drive Legends (USA) (En,Fr,Es)
AD3P	3D Game Collection - 55-in-1 (Europe)
AD4E	Adventure Time - Hey Ice King! Why'd You Steal Our Garbage!! (USA)
AD5E	Cloudy with a Chance of Meatballs 2 (USA)
AD5P	Cloudy with a Chance of Meatballs 2 (Europe)
AD5Z	Cloudy with a Chance of Meatballs 2 (Europe) (En,Fr,De,It,Nl)
AD6E	Scribblenauts Unmasked - A DC Comics Adventure (USA) (En,Fr,Es,Pt)
AD6P	Scribblenauts Unmasked - A DC Comics Adventure (Australia)
AD7E	Dragon Quest VII - Fragments of the Forgotten Past (USA)
AD7P	Dragon Quest VII - Fragments of the Forgotten Past (Europe) (En,Fr,De,Es,It)
ADAE	Nintendogs + Cats - Golden Retriever & New Friends (USA) (En,Fr,Es)
ADAP	Nintendogs + Cats - Golden Retriever & New Friends (Europe) (En,Fr,De,Es,It,Nl,Pt,Ru)
ADBE	Nintendogs + Cats - French Bulldog & New Friends (USA) (En,Fr,Es)
ADBP	Nintendogs + Cats - French Bulldog & New Friends (Europe) (En,Fr,De,Es,It,Nl,Pt,Ru)
ADCE	Nintendogs + Cats - Toy Poodle & New Friends (USA) (En,Fr,Es)
ADCP	Nintendogs + Cats - Toy Poodle & New Friends (Europe) (En,Fr,De,Es,It,Nl,Pt,Ru)
ADDE	Dead or Alive - Dimensions (USA) (En,Ja,Fr,De,Es,It)
ADDP	Dead or Alive - Dimensions (Europe) (En,Ja,Fr,De,Es,It)
ADEE	Deca Sports Extreme (USA) (En,Fr,Es)
ADEP	Sports Island 3D (Europe) (En,Fr,De,Es,It)
ADHP	Mystery Case Files - Dire Grove (Europe) (En,Fr,De,Es,It,Nl)
ADLE	Doctor Lautrec and the Forgotten Knights (USA) (En,Fr,Es)
ADLP	Doctor Lautrec and the Forgotten Knights (Europe) (En,Fr,De,Es,It)
ADME	Moshi Monsters - Katsuma Unleashed (USA)
ADMP	Moshi Monsters - Katsuma Unleashed (Europe)
ADNE	LBX - Little Battlers eXperience (USA) (En,Fr,Es)
ADNP	LBX - Little Battlers eXperience (Europe) (En,Fr,De)
ADNZ	LBX - Little Battlers eXperience (Europe) (En,Es,It)
ADPE	Disney Princess - My Fairytale Adventure (USA) (En,Fr,Es)
ADPP	Disney Princess - My Fairytale Adventure (Europe) (En,Fr,Nl)
ADPS	Disney Princess - My Fairytale Adventure (Spain) (En,Es)
ADQE	Miitopia (USA) (En,Fr,Es)
ADQP	Miitopia (Europe) (En,Fr,De,Es,It,Nl)
ADRE	Driver - Renegade (USA) (En,Fr,Es)
ADRP	Driver - Renegade 3D (Europe) (En,Fr,De,Es,It,Nl,Pt,Sv,No,Da)
ADTE	Dream Trigger 3D (USA) (En,Fr,Es)
ADTP	Dream Trigger 3D (Europe) (En,Fr,Es)
ADXE	Shin Megami Tensei - Devil Survivor 2 - Record Breaker (USA)
ADXP	Shin Megami Tensei - Devil Survivor 2 - Record Breaker (Europe)
ADYE	Disney Infinity - Toy Box Challenge (USA) (En,Fr,Es,Pt)
ADYP	Disney Infinity (Europe) (En,Fr,De,Es,It,Nl)
ADYZ	Disney Infinity (Europe) (En,Sv,No,Da,Fi)
AE2E	Pro Evolution Soccer 2012 3D (USA) (En,Fr,Es,Pt)
AE2P	Pro Evolution Soccer 2012 3D (Europe) (En,Nl,Sv,Ru,Tr)
AE4P	Inazuma Eleven Go - Light (Europe) (En,Fr,De,Es,It)
AEAE	Hot Wheels - World's Best Driver (USA) (En,Fr,Es)
AEAP	Hot Wheels - World's Best Driver (Europe) (En,Fr,De,Es,It,Nl)
AEBE	Regular Show - Mordecai & Rigby in 8-Bit Land (USA)
AEBP	Regular Show - Mordecai & Rigby in 8-Bit Land (Europe)
AECE	Disney Epic Mickey - Power of Illusion (USA) (En,Fr,Es,Pt)
AECP	Disney Epic Mickey - Power of Illusion (Europe) (En,Fr,De,Es,It,Nl,Pt)
AECX	Disney Epic Mickey - Power of Illusion (Europe) (En,Sv,No,Da)
AEDP	Inazuma Eleven Go - Shadow (Europe) (En,Fr,De,Es,It)
AEEE	Pro Evolution Soccer 2011 3D (USA) (En,Fr,Es)
AEEP	Pro Evolution Soccer 2011 3D (Europe) (En,Fr,De)
AEFE	Monster High - 13 Wishes (USA) (En,Fr,Es)
AEFP	Monster High - 13 Wishes (Europe) (En,Fr,De,Es,It,Nl,Sv,No,Da,Fi) (AEFP)
AEFZ	Monster High - 13 Wishes (Europe) (En,Fr,De,Es,It,Nl,Sv,No,Da,Fi) (AEFZ)
AEGE	Doodle Jump Adventures (USA)
AEGP	Doodle Jump Adventures (Europe)
AEGZ	Doodle Jump Adventures (Europe) (En,Fr,De,It,Nl)
AEHE	Disney Frozen - Olaf's Quest (USA)
AEHP	Disney Frozen - Olaf's Quest (Europe)
AEHZ	Disney Frozen - Olaf's Quest (Europe) (En,Fr,De,It,Nl)
AEJE	Pac-Man and the Ghostly Adventures (USA) (En,Fr,Es)
AEJP	Pac-Man and the Ghostly Adventures (Europe) (En,Fr,De,Es,It)
AELP	4 Elements (Europe) (En,Fr,De,Nl)
AEQE	Ben 10 - Omniverse 2 (USA) (En,Fr,Es)
AEQP	Ben 10 - Omniverse 2 (Europe) (En,Fr,De,Es,It)
AERP	My Vet Practice 3D - In the Country (Europe) (En,Fr,De,Es,It,Nl)
AEYP	My Baby Pet Hotel 3D (Europe) (En,Fr,De,Nl)
AF2E	FIFA Soccer 12 (USA) (En,Fr,Es)
AF2P	FIFA 12 (Europe) (En,Fr,Nl)
AF3E	Imagine - Fashion Life (USA) (En,Fr,Es)
AF3P	Imagine - Fashion World 3D (Europe) (En,Fr,De,Es,It,Nl,Sv,No,Da)
AF4E	F1 2011 (USA) (En,Fr,Es)
AF4P	F1 2011 (Europe) (En,Fr,De,Es,It)
AF5P	35 Classic Games (Europe) (En,Fr,Es,It)
AF6P	50 Classic Games (Europe) (En,Fr,Es,It)
AF6Z	50 Classic Games 3D (Europe) (En,Fr,De,Es,It,Nl)
AF7E	Finding Nemo - Escape to the Big Blue - Special Edition (USA)
AF7P	Finding Nemo - Escape to the Big Blue - Special Edition (Europe) (En,Fr,De,Es,It,Nl)
AF7X	Finding Nemo - Escape to the Big Blue - Special Edition (Europe) (En,Sv,No,Da)
AF8E	FIFA Soccer 13 (USA) (En,Fr,Es)
AF8P	FIFA 13 (Europe) (En,Fr,Nl)
AFBP	Crash Time 3D (Europe) (En,Fr,De,It)
AFCE	Face Racers - Photo Finish (USA)
AFDP	Angler's Club - Ultimate Bass Fishing 3D (Europe) (En,Fr,Es)
AFEE	Fire Emblem - Awakening (USA)
AFEP	Fire Emblem - Awakening (Europe) (En,Fr,De,Es,It)
AFHE	Fast & Furious - Showdown (USA) (En,Fr)
AFHP	Fast & Furious - Showdown (Europe) (En,Fr,De,Es,It)
AFJD	LEGO Movie Videogame, The (Germany) (En,Fr,De,Es,It,Nl,Da)
AFJE	LEGO Movie Videogame, The (USA) (En,Fr,Es,Pt)
AFJF	Grande LEGO Aventure - Le Jeu Video, La (France) (En,Fr,Es,It,Nl,Da)
AFJP	LEGO Movie Videogame, The (Europe) (En,Fr,Es,It,Nl,Da)
AFJS	LEGO Pelicula el Videojuego, La (Spain) (En,Fr,Es,It,Nl,Da)
AFKP	Outdoors Unleashed - Africa 3D (Europe) (En,Fr,De,Es,It)
AFLE	Fantasy Life (USA)
AFLP	Fantasy Life (Europe) (En,Fr,De,Es,It)
AFME	Funky Barn 3D (USA) (En,Fr,Es)
AFMP	Funky Barn 3D (Europe) (En,Fr,De,Es,It)
AFNP	Funfair Party Games (Europe) (En,Fr)
AFRE	Frogger 3D (USA) (En,Fr,Es)
AFRP	Frogger 3D (Europe) (En,Fr,De,Es,It)
AFTP	Fireman Sam - To the Rescue (Europe) (En,Fr,De,Es,It,Nl)
AFWE	Sushi Striker - The Way of Sushido (USA) (En,Fr,Es)
AFWP	Sushi Striker - The Way of Sushido (Europe) (En,Fr,De,Es,It,Nl)
AFXP	Hollywood Fame - Hidden Object Adventure (Europe) (En,Fr,De,Es,It,Nl)
AFYE	FIFA 14 - Legacy Edition (USA) (En,Fr,Es)
AFYP	FIFA 14 - Legacy Edition (Europe) (En,Fr,Nl)
AFZP	Phonics Fun with Biff, Chip & Kipper Vol. 1 (Europe) (En,Fr,De,Es,It,Pt)
AG2P	3D MahJongg (Europe) (En,Fr,De,Nl)
AG3E	Gabrielle's Ghostly Groove 3D (USA)
AG3P	Gabrielle's Ghostly Groove 3D (Europe) (En,Fr,De,Es,It) (Rev 1)
AG5E	Paper Mario - Sticker Star (USA) (En,Fr,Es)
AG5P	Paper Mario - Sticker Star (Europe) (En,Fr,De,Es,It)
AG6E	Skylanders Giants (USA) (En,Fr,Es)
AG6P	Skylanders Giants (Europe) (En,Fr,De,Es,It,Nl)
AG8P	Gardenscapes (Europe) (En,Fr,De,Nl)
AGAE	Mario Tennis Open (USA) (En,Fr,Es)
AGAP	Mario Tennis Open (Europe) (En,Fr,De,Es,It,Nl,Pt,Ru)
AGCP	Combo Pack - Madagascar 3 - Europe's Most Wanted + Croods, The - Prehistoric Party! (Europe) (En,Fr,De,Es,It)
AGFE	Gravity Falls - Legend of the Gnome Gemulets (USA)
AGFP	Gravity Falls - Legend of the Gnome Gemulets (Europe) (En,Fr,De,Es,It)
AGGE	Luigi's Mansion - Dark Moon (USA) (En,Fr,Es)
AGGP	Luigi's Mansion 2 (Europe) (En,Fr,De,Es,It,Nl,Pt,Ru)
AGLE	Green Lantern - Rise of the Manhunters (USA) (En,Fr,Es)
AGLP	Green Lantern - Rise of the Manhunters (Europe) (En,Fr,De,Es,It,Nl)
AGPE	Garfield Kart (USA)
AGPP	Garfield Kart (Europe) (En,Fr,De,Es,It)
AGRE	Tom Clancy's Ghost Recon - Shadow Wars (USA) (En,Fr,Es)
AGRP	Tom Clancy's Ghost Recon - Shadow Wars (Europe) (En,Fr,De,Es,It)
AGSE	Gem Smashers (USA)
AGTE	Thor - God of Thunder (USA) (En,Fr,Es)
AGTP	Thor - God of Thunder (Europe) (En,Fr,De,Es,It)
AGUE	Imagine - Fashion Designer (USA) (En,Fr,Es)
AGUP	Imagine - Fashion Designer 3D (Europe) (En,Fr,De,Es,It,Nl,Sv,No,Da)
AGVP	Gummy Bears - Magical Medallion (Europe) (En,Fr,De,Es,It,Nl)
AGXE	Generator Rex - Agent of Providence (USA) (En,Fr)
AGXP	Generator Rex - Agent of Providence (Europe) (En,Fr,De,Es,It)
AH5E	Monster High - Skultimate Roller Maze (USA) (En,Fr,Es)
AH5P	Monster High - Skultimate Roller Maze (Europe) (En,Fr,De,Es,It,Nl,Sv,No,Da,Fi)
AH6E	Heroes of Ruin (USA) (En,Fr,Es)
AH6P	Heroes of Ruin (Europe) (En,Fr,De,Es,It)
AH8E	Hotel Transylvania (USA)
AH8F	Hotel Transylvania (Europe) (En,Fr,Nl)
AH8P	Hotel Transylvania (Europe) (En,Fr,De,It)
AH8X	Hotel Transylvania (United Kingdom)
AH9E	Hakuoki - Memories of the Shinsengumi (USA)
AH9P	Hakuoki - Memories of the Shinsengumi (Europe)
AHAP	Sherlock Holmes - The Mystery of the Frozen City (Europe) (En,Fr,De,Es,It,Nl)
AHCE	James Noir's Hollywood Crimes (USA) (En,Fr,Es)
AHCP	James Noir's Hollywood Crimes 3D (Europe) (En,Fr,De,Es,It)
AHDE	Hidden, The (USA)
AHEE	Spy Hunter (USA) (En,Fr,Es)
AHEP	Spy Hunter (Europe) (En,Fr,De,Es,It,Nl)
AHFE	Happy Feet Two (USA) (En,Fr,De,Es,It,Nl)
AHFP	Happy Feet Two (Europe) (En,Fr,De,Es,It,Nl)
AHHP	Horrid Henry - The Good, the Bad & the Bugly (Europe)
AHKE	Travel Adventures with Hello Kitty (USA)
AHKP	Around the World with Hello Kitty & Friends (Europe) (En,Fr,De,Es,It)
AHKZ	Around the World with Hello Kitty & Friends (Europe) (En,Sv,No,Da,Fi)
AHLD	Hello Kitty Picnic with Sanrio Characters (Europe) (En,Fr,De,Es,It)
AHLE	Hello Kitty Picnic with Sanrio Friends (USA)
AHPE	LEGO Harry Potter - Years 5-7 (USA) (En,Fr,Es,Pt)
AHPP	LEGO Harry Potter - Years 5-7 (Europe) (En,Fr,De,Es,It,Nl,Da)
AHQE	Shin Megami Tensei - Devil Summoner - Soul Hackers (USA)
AHQP	Shin Megami Tensei - Devil Summoner - Soul Hackers (Europe)
AHRD	Fossil Fighters - Frontier (Europe) (En,Fr,De,Es,It)
AHRE	Fossil Fighters - Frontier (USA) (Rev 1)
AHSE	Horses 3D (USA) (En,Fr,Es)
AHSP	Imagine - Champion Rider 3D (Europe) (En,Fr,De,Es,It,Nl,Sv,No,Da)
AHUP	Cats & Dogs - Pets at Play (Europe) (En,Fr,De,Es,It)
AHVE	Heavy Fire - The Chosen Few 3D (USA)
AHVP	Heavy Fire - The Chosen Few 3D (Europe) (En,Fr,De,Es,It)
AHXE	Hometown Story (USA)
AHXP	Hometown Story (Europe) (En,Fr,De)
AHYE	Shakedown - Hawaii (USA) (Rev 1)
AJ3E	Mario Golf - World Tour (USA) (En,Fr,Es)
AJ3P	Mario Golf - World Tour (Europe) (En,Fr,De,Es,It,Nl,Pt,Ru)
AJ4P	Jewel Quest IV - Heritage (Europe) (En,Fr,De,Es,It,Nl)
AJ5P	Jewel Link - Legends of Atlantis 3D (Europe) (En,Fr,Es,It)
AJ5X	Jewel Master - Atlantis 3D (Europe) (En,Fr,De,Es,It,Nl)
AJ6P	Jewel Quest - The Sapphire Dragon (Europe) (En,Fr,De,Es,It,Nl)
AJ8E	Kirby Battle Royale (USA)
AJ8P	Kirby Battle Royale (Europe) (En,Fr,De,Es,It,Nl)
AJ9E	Shin Megami Tensei - Strange Journey Redux (USA)
AJ9P	Shin Megami Tensei - Strange Journey Redux (Europe)
AJAE	Shantae and the Pirate's Curse (USA)
AJAP	Shantae and the Pirate's Curse (Europe) (En,Fr,De,Es,It)
AJBP	Nintendo presents - New Style Boutique 3 - Styling Star (Europe) (En,Fr,De,Es,It,Nl)
AJCE	Junior Classic Games 3D (USA) (En,Fr,Es)
AJCP	Junior Games 3D (Europe) (En,Fr,De,Es,It,Nl)
AJEE	Jewel Master - Cradle of Egypt 2 3D (USA) (En,Fr,Es)
AJEF	Jewel Master - Cradle of Egypt 2 3D (France) (En,Fr,Es,It)
AJEP	Jewel Master - Cradle of Egypt 2 3D (Europe) (En,Fr,De,Es,It,Nl)
AJHE	Super Mario Maker for Nintendo 3DS (USA)
AJHP	Super Mario Maker for Nintendo 3DS (Europe) (En,Fr,De,Es,It,Nl,Pt,Ru)
AJJE	Fire Emblem Echoes - Shadows of Valentia (USA) (En,Fr,Es)
AJJP	Fire Emblem Echoes - Shadows of Valentia (Europe) (En,Fr,De,Es,It,Nl)
AJLE	Jewel Master - Cradle of Rome 2 (USA) (En,Fr,Es)
AJLP	Jewel Master - Cradle of Rome 2 (Europe) (En,Fr,Es)
AJLZ	Jewel Master - Cradle of Rome 2 (Europe) (En,Fr,De,Es,It,Nl)
AJNE	Poochy & Yoshi's Woolly World (USA) (En,Fr,Es) (Rev 1)
AJNP	Poochy & Yoshi's Woolly World (Europe) (En,Fr,De,Es,It,Nl)
AJQP	Jewel Quest Mysteries 3 - The Seventh Gate (Europe) (En,Fr,De,Es,It,Nl)
AJRE	Legend of Zelda, The - Majora's Mask 3D (USA) (En,Fr,Es)
AJRP	Legend of Zelda, The - Majora's Mask 3D (Europe) (En,Fr,De,Es,It)
AJTP	Jet Dog (Europe) (En,Fr,De,Es,It,Nl)
AJUP	Jewel Match 3 (Europe) (En,Fr,De,Nl)
AJWE	Jaws - Ultimate Predator (USA)
AK2E	River City - Tokyo Rumble (USA)
AK3E	Sega 3D Classics Collection (USA)
AK3P	Sega 3D Classics Collection (Europe)
AKDE	Kid Icarus - Uprising (USA) (En,Fr,Es)
AKDP	Kid Icarus - Uprising (Europe) (En,Fr,De,Es,It)
AKGE	Zero Escape - Virtue's Last Reward (USA)
AKGP	Zero Escape - Virtue's Last Reward (Europe)
AKHE	Kingdom Hearts 3D - Dream Drop Distance (USA) (En,Fr)
AKHP	Kingdom Hearts 3D - Dream Drop Distance (Europe) (En,Fr,De)
AKKE	Professor Layton and the Miracle Mask (USA)
AKKP	Professor Layton and the Miracle Mask (Europe)
AKMP	Teddy Together (Europe) (En,Fr,De,Es,It)
AKSE	Shovel Knight (USA)
AKSP	Shovel Knight (Europe) (En,Fr,De,Es,It)
AKTP	Brain Training 3D (Europe) (En,Fr,De,Es,It)
AKZE	DreamWorks Super Star Kartz (USA) (En,Fr)
AKZP	DreamWorks Super Star Kartz (Europe) (En,Fr,De,Es,It,Nl,Sv)
AL3P	Farming Simulator 2012 3D (Europe) (En,Fr,De)
AL4E	Alliance Alive, The (USA)
AL5D	LEGO Marvel Super Heroes - Universum in Gefahr (Germany) (En,Fr,De,Es,It,Nl,Da)
AL5E	LEGO Marvel Super Heroes - Universe in Peril (USA) (En,Fr,Es,Pt) (English-only Audio)
AL5F	LEGO Marvel Super Heroes - L'Univers en Peril (France) (En,Fr,De,Es,It,Nl,Da)
AL5P	LEGO Marvel Super Heroes - Universe in Peril (Europe) (En,Fr,De,Es,It,Nl,Da)
AL5S	LEGO Marvel Super Heroes - Universo en Peligro (Spain) (En,Fr,De,Es,It,Nl,Da)
AL5Y	LEGO Marvel Super Heroes - Universe in Peril (USA) (En,Fr,Es,Pt) (Spanish-only Audio)
AL6E	Professor Layton and the Azran Legacy (USA)
AL6P	Professor Layton and the Azran Legacy (Europe)
AL8P	Nintendo 3DS Guide - Louvre (Europe)
AL9P	One Piece - Unlimited Cruise SP2 (Europe) (En,Fr,De,Es,It)
ALAD	LEGO Der Herr der Ringe (Germany) (En,Fr,De,Es,It,Nl,Da)
ALAE	LEGO The Lord of the Rings (USA) (En,Fr,Es,Pt)
ALAF	LEGO Le Seigneur des Anneaux (France) (En,Fr,De,Es,It,Nl,Da)
ALAP	LEGO The Lord of the Rings (Europe) (En,Fr,De,Es,It,Nl,Da)
ALAS	LEGO El Senor de los Anillos (Spain) (En,Fr,De,Es,It,Nl,Da)
ALBD	LEGO Batman 2 - DC Super Heroes (Germany) (En,De)
ALBE	LEGO Batman 2 - DC Super Heroes (USA) (En,Fr,Es,Pt)
ALBF	LEGO Batman 2 - DC Super Heroes (France) (En,Fr)
ALBP	LEGO Batman 2 - DC Super Heroes (Europe) (En,Fr,De,Es,It,Nl,Da)
ALBZ	LEGO Batman 2 - DC Super Heroes (Canada) (En,Fr-CA)
ALCE	Spirit Camera - The Cursed Memoir (USA)
ALCP	Spirit Camera - The Cursed Memoir (Europe) (En,Fr,De,Es,It)
ALDE	Let's Ride - Best in Breed 3D (USA)
ALEE	LEGO Marvel Avengers (USA) (En,Fr,Es,Pt)
ALEP	LEGO Marvel Avengers (Europe) (En,Fr,De,Es,It,Nl,Da)
ALEV	LEGO Marvel Avengers (Italy) (En,Fr,De,Es,It,Nl,Da)
ALEX	LEGO Marvel Vengadores (Spain) (En,Fr,De,Es,It,Nl,Da)
ALEY	LEGO Marvel Avengers (Germany) (En,Fr,De,Es,It,Nl,Da)
ALEZ	LEGO Marvel Avengers (France) (En,Fr,De,Es,It,Nl,Da)
ALFP	One Piece - Unlimited Cruise SP (Europe) (En,Fr,De,Es,It)
ALGE	LEGO Star Wars III - The Clone Wars (USA) (En,Fr,Es)
ALGP	LEGO Star Wars III - The Clone Wars (Europe) (En,Fr,De,Es,It,Da)
ALJP	Lucky Luke & The Daltons (Europe) (En,Fr,De,Es,It)
ALKP	I Love My Cats (Europe) (En,Fr,De,Es,It,Nl)
ALLE	Sonic & All-Stars Racing Transformed (USA) (En,Fr,Es)
ALLP	Sonic & All-Stars Racing Transformed (Europe) (En,Fr,De,Es,It)
ALNP	I Love My Pony (Europe) (En,Fr,De,Es,It,Nl)
ALWP	I Love My Dogs (Europe) (En,Fr,De,Es,It,Nl)
ALXP	Luxor (Europe) (En,Fr,De,Nl)
ALYE	Lalaloopsy - Carnival of Friends (USA)
ALZE	Yo-Kai Watch 3 (USA)
ALZP	Yo-Kai Watch 3 (Europe)
AM2E	Alien Chaos 3D (USA)
AM3P	Whitakers Present, The - Milton & Friends 3D (Europe)
AM3Z	My Foal 3D (Europe) (En,Fr,De,Es,It,Nl)
AM4E	Monster 4x4 3D (USA) (En,Fr,Es)
AM4P	Monster 4x4 3D (Europe) (En,Fr,De,Es,It)
AM5P	Mahjong Mysteries - Ancient Athena 3D (Europe) (En,Fr,Es,It)
AM5Z	Mahjong Mysteries - Ancient Athena 3D (Europe) (En,Fr,De,Es,It,Nl)
AM7E	Myst (USA) (En,Fr)
AM7P	Myst (Europe) (En,Fr,De)
AM8P	Murder on the Titanic (Europe) (En,Fr,De,Nl)
AMCE	Madagascar 3 - The Video Game (USA) (En,Fr,Es)
AMCP	Madagascar 3 - Europe's Most Wanted (Europe) (En,Fr,De,Es,It,Nl,Ru)
AMDE	Madden NFL Football (USA)
AMDP	Madden NFL Football (Europe)
AMGE	Metal Gear Solid - Snake Eater 3D (USA) (En,Fr,Es)
AMGP	Metal Gear Solid - Snake Eater 3D (Europe) (En,Fr,De,Es,It)
AMHE	Monster Hunter 3 Ultimate (USA) (En,Fr,De,Es,It)
AMHP	Monster Hunter 3 Ultimate (Europe) (En,Fr,De,Es,It)
AMJE	Michael Jackson - The Experience 3D (USA) (En,Fr,Es)
AMJP	Michael Jackson - The Experience 3D (Europe) (En,Fr,De,Es,It)
AMKE	Mario Kart 7 (USA) (En,Fr,Es)
AMKP	Mario Kart 7 (Europe) (En,Fr,De,Es,It,Nl,Pt,Ru)
AMME	American Mensa Academy (USA)
AMMP	Mensa Academy (Europe)
AMQE	Disney Magical World (USA)
AMQP	Disney Magical World (Europe) (En,Fr,De,Es,It)
AMSE	Marvel Super Hero Squad - The Infinity Gauntlet (USA) (En,Fr,Es)
AMSP	Marvel Super Hero Squad - The Infinity Gauntlet (Europe) (En,Fr,Es,It)
AMTE	Shin Megami Tensei - Devil Survivor Overclocked (USA)
AMTP	Shin Megami Tensei - Devil Survivor Overclocked (Europe)
AMUP	Riding Stables 3D (Europe) (En,Fr,De,It,Nl,Sv,No,Da)
AMXE	Shin Megami Tensei IV (USA)
AMYE	My Pet Puppy 3D (USA)
AMZE	Mahjong 3D - Warriors of the Emperor (USA)
AMZP	Mahjong 3D - Warriors of the Emperor (Europe) (En,Fr,De,Es)
AN3E	Nano Assault (USA)
AN4E	Naruto Powerful Shippuden (USA) (En,Fr,Es)
AN4P	Naruto Powerful Shippuden (Europe) (En,Fr,De,Es,It)
AN8E	Top Trumps - NBA All Stars (USA)
ANCE	NCIS 3D (USA) (En,Fr,Es)
ANCP	NCIS 3D (Europe) (En,Fr,De,Es,It)
ANDE	Angry Birds Star Wars (USA) (En,Fr,Es,Pt)
ANDP	Angry Birds Star Wars (Europe) (En,Fr,De,Es,It)
ANGE	Angry Birds Trilogy (USA) (En,Fr)
ANGP	Angry Birds Trilogy (Europe) (En,Fr,De,Es,It)
ANJP	My Farm 3D (Europe) (En,Fr,De,Es,It,Nl,Pt,Sv,No,Da,Fi)
ANKE	Nicktoons MLB 3D (USA)
ANLD	Girls' Fashion Shoot (Germany) (En,De)
ANLE	Girls' Fashion Shoot (USA)
ANLP	Girls' Fashion Shoot (Europe) (En,Fr)
ANPP	Inazuma Eleven GO - Chrono Stones - Wildfire (Europe) (En,Fr,De,Es,It)
ANQP	Sudoku + 7 Other Complex Puzzles by Nikoli (Europe)
ANRE	Star Fox 64 3D (USA) (En,Fr,Es) (Rev 2)
ANRP	Star Fox 64 3D (Europe) (En,Fr,De,Es,It) (Rev 2)
ANSE	Need for Speed - The Run (USA) (En,Fr,Es)
ANSP	Need for Speed - The Run (Europe) (En,Fr,De,Es,It,Nl)
ANTP	Naruto Shippuden 3D - The New Era (Europe) (En,Fr,De,Es,It)
ANXE	SpongeBob SquarePants - Plankton's Robotic Revenge (USA) (En,Fr)
ANXP	SpongeBob SquarePants - Plankton's Robotic Revenge (Europe) (En,Fr,De,Es,It,Nl,Sv)
ANYE	Nickelodeon Teenage Mutant Ninja Turtles (USA) (En,Fr)
ANYP	Nickelodeon Teenage Mutant Ninja Turtles (Europe) (En,Fr,De,Es,It,Nl,Sv)
AP3P	Pets Paradise Resort 3D (Europe) (En,Fr,De,Es,It,Nl)
AP6E	Purr Pals - Purrfection (USA) (En,Fr,Es)
AP6P	Purr Pals - Purrfection (Europe) (En,Fr,De,Es,It)
AP8E	Paws & Claws - Pampered Pets Resort 3D (USA)
AP9E	Pac-Man Party 3D (USA) (En,Fr,Es)
AP9P	Pac-Man Party 3D (Europe) (En,Fr,De,Es,It)
APBE	Pinball Hall of Fame - The Williams' Collection (USA)
APBP	Pinball Hall of Fame 3D - The Williams' Collection (Europe) (En,Fr,De,Es,It)
APCE	LEGO Pirates of the Caribbean - The Video Game (USA) (En,Fr,Es)
APCP	LEGO Pirates of the Caribbean - The Video Game (Europe) (En,Fr,De,Es,It,Nl,Sv,No,Da)
APDE	Pokemon Mystery Dungeon - Gates to Infinity (USA)
APDP	Pokemon Mystery Dungeon - Gates to Infinity (Europe) (En,Fr,De,Es,It)
APEP	Pippi Longstocking 3D (Europe) (En,Fr,De,Nl,Sv,No,Da,Fi)
APFE	Petz Fantasy 3D (USA) (En,Fr,Es)
APFP	Petz Fantasy 3D (Europe) (En,Fr,De,Es,It,Nl,Sv,No,Da)
APGE	Pac-Man & Galaga Dimensions (USA) (En,Fr,Es)
APGP	Pac-Man & Galaga Dimensions (Europe) (En,Fr,De,Es,It)
APIE	Petz Beach (USA) (En,Fr,Es) (Rev 1)
APIP	Petz Beach (Europe) (En,Fr,De,Es,It)
APNE	Disney Planes (USA) (En,Fr,Es)
APNP	Disney Planes (Europe) (En,Fr,De,Es,It,Nl)
APNR	Disney Planes (Russia) (En,Ru)
APNZ	Disney Planes (Europe) (En,Sv,No,Da,Fi)
APOE	Petz Countryside (USA) (En,Fr,Es) (Rev 1)
APOP	Petz Countryside (Europe) (En,Fr,De,Es,It)
APPE	DualPenSports (USA) (En,Fr)
APPP	DualPenSports (Europe) (En,Fr,De,Es,It)
APRE	LEGO Legends of Chima - Laval's Journey (USA) (En,Fr,Es,Pt)
APRP	LEGO Legends of Chima - Laval's Journey (Europe) (En,Fr,De,Es,It,Nl,Da)
APUE	Puzzler Mind Gym 3D (USA) (En,Fr,Es)
APUP	Puzzler Mind Gym 3D (Europe) (En,Fr,De,Es,It)
APWE	Puzzler World 2012 3D (USA) (En,Fr,Es)
APWP	Puzzler World 2012 3D (Europe) (En,Fr,De,Es,It)
APZE	Pet Zombies (USA)
AQ2E	Persona Q2 - New Cinema Labyrinth (USA)
AQ2P	Persona Q2 - New Cinema Labyrinth (Europe) (En,Fr)
AQ8E	Crosswords Plus (USA)
AQEE	Legend of Zelda, The - Ocarina of Time 3D (USA) (En,Fr,Es)
AQEP	Legend of Zelda, The - Ocarina of Time 3D (Europe) (En,Fr,De,Es,It)
AQLE	Ice Age - Continental Drift - Arctic Games (USA) (En,Fr)
AQLP	Ice Age 4 - Continental Drift - Arctic Games (Europe) (En,Fr,De,Es,Nl,Sv)
AQNE	Cubic Ninja (USA) (En,Fr,Es)
AQNP	Cubic Ninja (Europe) (En,Fr,De,Es,It,Nl)
AQQE	Persona Q - Shadow of the Labyrinth (USA)
AQQP	Persona Q - Shadow of the Labyrinth (Europe)
AQRE	Croods, The - Prehistoric Party! (USA) (En,Fr,Es)
AQRP	Croods, The - Prehistoric Party! (Europe) (En,Fr,De,Es,It)
AR2P	Mystery Case Files - Return to Ravenhearst (Europe) (En,Fr,De,Es,It,Nl)
AR4E	Rune Factory 4 (USA)
AR5E	Rabbids Rumble (USA) (En,Fr,Es,Pt)
AR5P	Rabbids Rumble (Europe) (En,Fr,De,Es,It,Nl,Sv,No,Da)
AR6E	Rodea the Sky Soldier (USA)
AR6P	Rodea the Sky Soldier (Europe) (En,Ja,Fr,De)
ARAP	Inazuma Eleven GO - Chrono Stones - Thunderflash (Europe) (En,Fr,De,Es,It)
ARBE	Rabbids - Travel in Time 3D (USA) (En,Fr,Es)
ARBP	Rabbids 3D (Europe) (En,Fr,De,Es,It,Nl,Pt,Sv,No,Da)
ARDP	Arcade Classics 3D (Europe) (En,Fr,De,Es,It,Nl)
AREE	Super Mario 3D Land (USA) (En,Fr,Es)
AREP	Super Mario 3D Land (Europe) (En,Fr,De,Es,It,Nl,Pt,Ru)
ARFE	Reel Fishing Paradise 3D (USA)
ARFP	Reel Fishing Paradise 3D (Europe) (En,Fr,De,Es,It,Pt)
ARGE	Rise of the Guardians (USA) (En,Fr,Es)
ARGP	Rise of the Guardians (Europe) (En,Fr,De,Es,It)
ARHD	Real Heroes - Firefighter 3D (Germany) (En,Fr,De,Es,It)
ARHE	Real Heroes - Firefighter 3D (USA)
ARHP	Real Heroes - Firefighter 3D (Europe) (En,Fr,De,Es,It)
ARME	Rayman Origins (USA) (En,Fr,Es)
ARMP	Rayman Origins (Europe) (En,Fr,De,Es,It,Nl)
ARRE	Ridge Racer 3D (USA) (En,Fr,Es)
ARRP	Ridge Racer 3D (Europe) (En,Fr,De,Es,It)
ARSP	Riding Star 3D (Europe) (En,Fr,De,Es,It)
ARTE	Rhythm Thief & the Emperor's Treasure (USA) (En,Fr,Es)
ARTP	Rhythm Thief & the Emperor's Treasure (Europe) (En,Fr,De,Es,It)
ARVE	Sonic Lost World (USA) (En,Fr,Es)
ARVP	Sonic Lost World (Europe) (En,Fr,De,Es,It)
ARXE	Beyblade Evolution (USA) (En,Fr,Es)
ARXP	Beyblade Evolution (Europe) (En,Fr,De,Es)
ARYE	Rayman 3D (USA) (En,Fr,De,Es,It)
ARYP	Rayman 3D (Europe) (En,Fr,De,Es,It)
AS3E	Sims 3, The (USA) (En,Fr,Es)
AS3P	Sims 3, The (Europe) (En,Fr,De,Es,It,Nl)
AS4E	Sims 3, The - Pets (USA) (En,Fr,Es)
AS4P	Sims 3, The - Pets (Europe) (En,Fr,De,Es,It,Nl)
AS7E	Spider-Man - Edge of Time (USA)
AS7P	Spider-Man - Edge of Time (Europe) (En,De,Es,It)
AS7Z	Spider-Man - Edge of Time (Canada)
AS8E	Amazing Spider-Man, The (USA) (En,Fr,Es)
AS8P	Amazing Spider-Man, The (Europe) (En,Es,It)
AS9E	Nikoli's Pencil Puzzle (USA) (En,Fr,Es)
AS9P	Sudoku - The Puzzle Game Collection (Europe) (En,Fr,De,Es,It)
ASAP	Secret Agent Files - Miami (Europe) (En,Fr,De,Nl)
ASBE	Super Black Bass 3D (USA)
ASBP	Super Black Bass 3D (Europe) (En,Fr,De)
ASCP	Tom Clancy's Splinter Cell 3D (Europe) (En,Fr,De,Es,It)
ASCZ	Tom Clancy's Splinter Cell 3D (USA) (En,Fr,Es)
ASDE	Steel Diver (USA) (En,Fr,Es)
ASDP	Steel Diver (Europe) (En,Fr,De,Es,It)
ASEP	Secrets of the Titanic (Europe) (En,Fr)
ASFE	Asphalt 3D (USA) (En,Fr,Es)
ASFP	Asphalt 3D (Europe) (En,Fr,De,Es,It)
ASGE	SpongeBob SquigglePants 3D (USA) (En,Fr,Es)
ASGP	SpongeBob SquigglePants (Europe) (En,Fr,De,Es,It,Nl)
ASHE	Mahjong Cub3D (USA)
ASJE	Etrian Odyssey IV - Legends of the Titan (USA)
ASJP	Etrian Odyssey IV - Legends of the Titan (Europe)
ASLE	Scribblenauts Unlimited (USA) (En,Fr,Es,Pt)
ASLP	Scribblenauts Unlimited (Europe) (En,Fr,De,Es,It,Nl) (Rev 2)
ASLX	Scribblenauts Unlimited (Australia)
ASME	Super Monkey Ball 3D (USA) (En,Fr,Es)
ASMP	Super Monkey Ball 3D (Europe) (En,Fr,De,Es,It)
ASNE	Sonic Generations (USA) (En,Fr,Es)
ASNP	Sonic Generations (Europe) (En,Fr,De,Es,It)
ASPE	Skylanders - Spyro's Adventure (USA) (En,Fr)
ASPP	Skylanders - Spyro's Adventure (Europe) (En,Fr,De,Es,It,Nl,Sv,No,Da,Fi)
ASRE	Brain Age - Concentration Training (USA) (En,Fr,Es)
ASRP	Dr. Kawashima's Devilish Brain Training - Can You Stay Focused (Europe) (En,Fr,De,Es,It,Nl) (Rev 1)
ASSE	Super Street Fighter IV - 3D Edition (USA) (En,Fr,Es)
ASSP	Super Street Fighter IV - 3D Edition (Europe) (En,Fr,De,Es,It)
ASVE	Shinobi (USA) (En,Fr,Es)
ASVP	Shinobi (Europe) (En,Fr,De,Es,It)
ASXP	Secret Mysteries in London (Europe) (En,Fr,De,Nl)
ASZE	Shifting World (USA) (En,Fr,Es)
ASZP	Shifting World (Europe) (En,Fr,De,Es,It,Nl,Pt,Ru)
AT2E	Harvest Moon 3D - The Tale of Two Towns (USA)
AT2P	Harvest Moon 3D - The Tale of Two Towns (Europe) (En,Fr,De)
AT3A	Kirby - Planet Robobot (USA)
AT9E	Oregon Trail, The (USA)
ATAE	Yoshi's New Island (USA) (En,Fr,Es)
ATAP	Yoshi's New Island (Europe) (En,Fr,De,Es,It,Nl,Pt,Ru)
ATFE	Transformers - Dark of the Moon - Stealth Force Edition (USA) (En,Fr)
ATFP	Transformers - Dark of the Moon - Stealth Force Edition (Europe) (En,Fr,De,Es,It)
ATHE	Theatrhythm Final Fantasy (USA)
ATHP	Theatrhythm Final Fantasy (Europe)
ATKE	Tekken 3D - Prime Edition (USA) (En,Fr,Es)
ATKP	Tekken 3D - Prime Edition (Europe) (En,Fr,De,Es,It)
ATLE	Tetris - Axis (USA) (En,Fr,Es)
ATLP	Tetris (Europe) (En,Fr,De,Es,It,Nl)
ATNE	Adventures of Tintin, The - The Game (USA) (En,Fr,Es,Pt)
ATNP	Adventures of Tintin, The - The Secret of the Unicorn (Europe) (En,Fr,De,Es,It,Nl,Sv,No,Da,Fi,Ca)
ATPE	Transformers Prime - The Game (USA) (En,Fr)
ATPP	Transformers Prime - The Game (Europe) (En,Fr,De,Es,It,Nl,Sv)
ATQE	Freakyforms Deluxe - Your Creations, Alive! (USA) (En,Fr,Es)
ATQP	Freakyforms Deluxe - Your Creations, Alive! (Europe) (En,Fr,De,Es,It)
ATSE	Mario Party - Island Tour (USA) (En,Fr,Es)
ATSP	Mario Party - Island Tour (Europe) (En,Fr,De,Es,It,Nl,Pt,Ru)
ATTE	Combat of Giants - Dinosaurs 3D (USA) (En,Fr,Es)
ATTP	Combat of Giants - Dinosaurs 3D (Europe) (En,Fr,De,Es,It,Nl,Sv,No,Da)
ATXP	My Zoo - Vet Practice 3D (Europe) (En,Fr,De,Nl)
ATZE	Trash Pack, The (USA)
ATZP	Trash Pack, The (Europe)
AUNE	Mario Sports Superstars (USA)
AUNP	Mario Sports Superstars (Europe) (En,Fr,De,Es,It,Nl)
AUPP	Order Up!! (Europe) (En,Fr,De,Es,It)
AUTE	Atooi Collection (USA)
AV2P	Survivor 3D - The Ultimate Adventure (Europe) (En,Fr,Es,It,Nl)
AVAE	Harvest Moon - Skytree Village (USA)
AVAP	Harvest Moon - Skytree Village (Europe) (En,Fr,De,Es)
AVHP	Senran Kagura Burst (Europe)
AVKP	Viking Invasion 2 - Tower Defense (Europe) (En,Fr,De,Es,It)
AVME	Harvest Moon 3D - The Lost Valley (USA)
AVMP	Harvest Moon - The Lost Valley (Europe) (En,Fr,De,Es)
AVSE	Professor Layton vs. Phoenix Wright - Ace Attorney (USA) (En,Fr,Es)
AVSP	Professor Layton vs Phoenix Wright - Ace Attorney (Europe) (En,Fr,De,Nl)
AVSZ	Professor Layton vs Phoenix Wright - Ace Attorney (Europe) (En,Es,It)
AVTE	Adventure Time - The Secret of the Nameless Kingdom (USA)
AVTP	Adventure Time - The Secret of the Nameless Kingdom (Europe)
AW2E	Carnival Games - Wild West 3D (USA) (En,Fr,Es)
AW2P	Carnival Games - Wild West 3D (Europe) (En,Fr,De,Es,It,Nl)
AW3E	Wipeout 3 (USA)
AWAE	Pilotwings Resort (USA) (En,Fr,Es)
AWAP	Pilotwings Resort (Europe) (En,Fr,De,Es,It)
AWEE	WWE All Stars (USA) (En,Fr,Es)
AWEP	WWE All Stars (Europe) (En,Fr,De,Es,It)
AWPE	Wipeout 2 (USA)
AWRE	Wreck-It Ralph (USA) (En,Fr)
AWRP	Wreck-It Ralph (Europe) (En,Fr,De,Es,It,Nl,Sv)
AWSP	Winter Sports 2012 - Feel the Spirit (Europe) (En,Fr,De,It)
AWTE	Pro Evolution Soccer 2013 3D (USA) (En,Fr,Es,Pt)
AWTP	Pro Evolution Soccer 2013 3D (Europe) (En,Sv,No,Ru,Tr)
AWWP	Word Wizard 3D (Europe) (En,Fr,De,Es,It,Nl)
AWXA	WarioWare Gold (USA)
AX2P	Phonics Fun with Biff, Chip & Kipper Vol. 2 (Europe) (En,Fr,De,Es,It,Pt)
AX3P	Phonics Fun with Biff, Chip & Kipper Vol. 3 (Europe) (En,Fr,De,Es,It,Pt)
AXBP	Inazuma Eleven 3 - Bomb Blast (Europe) (En,Fr,De)
AXBZ	Inazuma Eleven 3 - Bomb Blast (Europe) (En,Es,It)
AXCE	Super Smash Bros. for Nintendo 3DS (USA) (En,Fr,Es)
AXCP	Super Smash Bros. for Nintendo 3DS (Europe) (En,Fr,De,Es,It,Nl,Pt,Ru)
AXGP	Inazuma Eleven 3 - Team Ogre Attacks! (Europe) (En,Fr,De)
AXGZ	Inazuma Eleven 3 - Team Ogre Attacks! (Europe) (En,Es,It)
AXSP	Inazuma Eleven 3 - Lightning Bolt (Europe) (En,Fr,De)
AXSZ	Inazuma Eleven 3 - Lightning Bolt (Europe) (En,Es,It)
AXTE	Andro Dunos 2 (USA)
AXTP	Andro Dunos 2 (Europe)
AXXE	Project X Zone (USA)
AXXP	Project X Zone (Europe)
AXYE	Amazing Spider-Man 2, The (USA)
AXYP	Amazing Spider-Man 2, The (Europe) (En,Fr,De,Es,It)
AY3E	Culdcept Revolt (USA)
AY3P	Culdcept Revolt (Europe) (En,Fr,De,Es,It)
AY6A	Code Name - S.T.E.A.M. (USA)
AY7P	Bella Sara 2 (Europe) (En,Fr,De,Es,It,Nl,Pt,Sv,No,Da,Fi)
AY8E	Wipeout - Create & Crash (USA)
AY9E	Adventure Time - Explore the Dungeon Because I Don't Know! (USA)
AY9P	Adventure Time - Explore the Dungeon Because I Don't Know! (Europe) (En,Fr,De,Es,It)
AYEE	Transformers - Rise of the Dark Spark (USA) (En,Fr)
AYEP	Transformers - Rise of the Dark Spark (Europe) (En,Fr,De,Es,It)
AYFP	Best of Board Games (Europe) (En,Fr,De,Es,It,Nl)
AYHP	Best of Arcade Games (Europe) (En,Fr,De,Es,It,Nl)
AYJE	Young Justice - Legacy (USA) (En,Fr,Es)
AYME	Mario & Luigi - Dream Team (USA) (En,Fr,Es)
AYMP	Mario & Luigi - Dream Team Bros. (Europe) (En,Fr,De,Es,It,Nl,Pt,Ru)
AYNE	Mario & Luigi - Paper Jam (USA)
AYNP	Mario & Luigi - Paper Jam Bros. (Europe) (En,Fr,De,Es,It,Nl,Pt,Ru)
AYRP	Yakari - The Mystery of Four Seasons (Europe) (En,Fr,De,Es,It)
AYTE	Donkey Kong Country Returns 3D (USA) (En,Fr,Es)
AYTP	Donkey Kong Country Returns 3D (Europe) (En,Fr,De,Es,It)
AYWE	Yo-Kai Watch (USA)
AYWP	Yo-Kai Watch (Europe) (En,Fr,De,Es,It)
AYWZ	Yo-Kai Watch (Australia)
AYXP	Yu-Gi-Oh! Zexal - World Duel Carnival (Europe) (En,Fr,De,Es,It)
AYYP	My Little Baby 3D (Europe) (En,Fr,De,Es,It)
AYZE	Putty Squad (USA) (En,Fr,Es)
AYZP	Putty Squad (Europe) (En,Fr,De,Es,It)
AZBE	Power Rangers Megaforce (USA) (En,Fr,Es)
AZBP	Power Rangers Megaforce (Europe) (En,Fr,De,Es,It)
AZDP	Azada (Europe) (En,Fr,De,Nl)
AZEE	Batman - Arkham Origins Blackgate (USA) (En,Fr,Es)
AZEP	Batman - Arkham Origins Blackgate (Europe) (En,Fr,De,Es,It)
AZFP	Animal Hospital (Europe) (En,Fr,De,Es,It,Nl)
AZGE	Puzzle & Dragons Z + Puzzle & Dragons Super Mario Bros. Edition (USA)
AZGP	Puzzle & Dragons Z + Puzzle & Dragons Super Mario Bros. Edition (Europe)
AZHP	My Western Horse 3D (Europe) (En,Fr,De,It,Nl)
AZJE	LEGO Friends (USA) (En,Fr,Es,Pt)
AZJP	LEGO Friends (Europe) (En,Fr,De,Es,It,Nl,Da)
AZLE	Puzzler World 2013 (USA)
AZLP	Puzzler World 2013 (Europe) (En,Fr,De,Es,It)
AZOE	Zoo Resort 3D (USA) (En,Fr,Es)
AZOP	Zoo Resort 3D (Europe) (En,Fr,De,Es,It,Nl)
BAAE	Mario Party - Star Rush (USA) (En,Fr,Es)
BAAP	Mario Party - Star Rush (Europe) (En,Fr,De,Es,It,Nl,Pt,Ru)
BAGE	Ever Oasis (USA) (En,Fr,Es)
BAGP	Ever Oasis (Europe) (En,Fr,De,Es,It,Nl)
BALE	Kirby - Triple Deluxe (USA) (En,Fr,Es)
BALP	Kirby - Triple Deluxe (Europe) (En,Fr,De,Es,It)
BAQP	Atlantic Quest (Europe) (En,Fr,De,Es,It,Nl)
BB3E	Story of Seasons - Trio of Towns (USA)
BB3P	Story of Seasons - Trio of Towns (Europe) (En,Fr,De,Es,It)
BBME	Goosebumps - The Game (USA)
BBMP	Goosebumps - The Game (Europe)
BBPP	Picross 3D - Round 2 (Europe) (En,Fr,De,Es,It)
BC5E	Cooking Mama 5 - Bon Appetit! (USA)
BC5P	Cooking Mama - Bon Appetit! (Europe) (En,Fr,De,Es,It)
BCAE	Metroid Prime - Federation Force (USA) (En,Fr,Es)
BCAP	Metroid Prime - Federation Force (Europe) (En,Fr,De,Es,It)
BCCE	Conception II - Children of the Seven Stars (USA)
BCEE	Final Fantasy Explorers (USA)
BCEP	Final Fantasy Explorers (Europe) (En,Fr)
BCLP	Imagine Collection (Europe) (En,Fr,De,Es,Nl,Sv,No,Da)
BCMP	Candy Match 3 (Europe) (En,Fr,De,Es,It,Nl)
BCPE	Corpse Party (USA)
BCRE	Ace Combat - Assault Horizon Legacy+ (USA) (En,Fr,Es)
BCRP	Ace Combat - Assault Horizon Legacy+ (Europe) (En,Fr,De,Es,It)
BCSP	Best of Casual Games (Europe) (En,Fr,De,Es,It,Nl)
BCUE	Scooby-Doo & Looney Tunes Cartoon Universe - Adventure (USA) (En,Fr,Es,Pt)
BCZP	Crazy Construction (Europe) (En,Fr,De)
BD2E	Disney Magical World 2 (USA)
BD2P	Disney Magical World 2 (Europe) (En,Fr,De,Es,It)
BD7E	7th Dragon III Code - VFD (USA)
BD7P	7th Dragon III Code - VFD (Europe)
BDFP	Spot the Differences (Europe) (En,Fr,De,Es,It,Nl)
BDJE	River City - Rival Showdown (USA)
BDKE	Duck Dynasty (USA)
BDLE	Dragon Ball Fusions (USA)
BDLP	Dragon Ball Fusions (Europe) (En,Fr,De,Es,It)
BDTE	Legends of Oz - Dorothy's Return (USA)
BDTP	Legends of Oz - Dorothy's Return (Europe)
BDVE	Dragon Ball Z - Extreme Butoden (USA)
BDVP	Dragon Ball Z - Extreme Butoden (Europe) (En,Fr,De,Es,It)
BE4E	Kirby's Extra Epic Yarn (USA) (En,Fr,Es)
BE4P	Kirby's Extra Epic Yarn (Europe) (En,Fr,De,Es,It)
BELP	2in1 - My Vet Practice 3D - In the Country + My Baby Pet Hotel 3D (Europe) (En,Fr,De,Es,It,Nl)
BENP	2in1 - Life with Horses 3D + My Western Horse 3D (Europe) (En,Fr,De,Es,It,Nl)
BF6E	Disney 2-Pack - Frozen - Olaf's Quest + Big Hero 6 - Battle in the Bay (USA)
BF6Z	Disney 2-Pack - Frozen - Olaf's Quest + Big Hero 6 - Battle in the Bay (Europe) (En,Fr,De,It,Nl)
BFDE	Etrian Mystery Dungeon (USA)
BFDP	Etrian Mystery Dungeon (Europe)
BFFP	Flap Flap (Europe) (En,Fr,De,It,Nl)
BFGE	Monster Hunter 4 Ultimate (USA)
BFGP	Monster Hunter 4 Ultimate (Europe) (En,Fr,De,Es,It)
BFNE	Adventure Time - Finn & Jake Investigations (USA)
BFNP	Adventure Time - Finn & Jake Investigations (Europe) (En,Fr,De,Es,It)
BFRE	Ultimate NES Remix (USA) (En,Fr,Es)
BFRP	Ultimate NES Remix (Europe) (En,Fr,De,Es,It)
BFSE	Farming Simulator 14 (USA) (En,Fr,Es,Pt)
BFSP	Farming Simulator 14 (Europe) (En,Fr,De,Es,It,Pt,Ru)
BFTE	FIFA 15 - Legacy Edition (USA) (En,Fr,Es)
BFTP	FIFA 15 - Legacy Edition (Europe) (En,Fr,Nl)
BFXE	Fire Emblem Fates - Birthright (USA)
BFXP	Fire Emblem Fates - Birthright (Europe) (En,Fr,De,Es,It)
BFYE	Fire Emblem Fates - Conquest (USA)
BFYP	Fire Emblem Fates - Conquest (Europe) (En,Fr,De,Es,It)
BFZE	Fire Emblem Fates - Special Edition (USA)
BFZP	Fire Emblem Fates - Limited Edition (Europe) (En,Fr,De,Es,It)
BG4E	Shin Megami Tensei IV - Apocalypse (USA)
BG4P	Shin Megami Tensei IV - Apocalypse (Europe)
BG8E	Azure Striker Gunvolt - Striker Pack (USA)
BG9E	Jake Hunter Detective Story - Ghost of the Dusk (USA)
BGME	Gardening Mama 2 - Forest Friends (USA)
BGMP	Gardening Mama - Forest Friends (Europe) (En,Fr,De,Es,It)
BGNE	Luigi's Mansion (USA)
BGNP	Luigi's Mansion (Europe) (En,Fr,De,Es,It)
BGRP	Disney Violetta - Rhythm & Music (Europe) (En,Fr,De,Es,It,Pt)
BGRZ	Disney Violetta - Rhythm & Music (USA)
BGXE	Mario & Sonic at the Rio 2016 Olympic Games (USA) (En,Fr,Es)
BGXP	Mario & Sonic at the Rio 2016 Olympic Games (Europe) (En,Fr,De,Es,It,Nl)
BH4P	Horse Life 4 (Europe) (En,Fr,De,Es,It)
BH6E	Big Hero 6 - Battle in the Bay (USA)
BH6P	Big Hero 6 - Battle in the Bay (Europe)
BH6Z	Big Hero 6 - Battle in the Bay (Europe) (En,Fr,De,Es,It,Nl)
BHFP	My Life on a Farm 3D (Europe) (En,Fr,De,It)
BHHP	Hello Kitty Happy Happy Family (Europe) (En,Fr,De,Es,It,Nl)
BHKP	Hello Kitty and the Apron of Magic - Rhythm Cooking (Europe)
BHRE	Mario Party - The Top 100 (USA)
BHRP	Mario Party - The Top 100 (Europe) (En,Fr,De,Es,It,Nl)
BJLP	Jewel Link Double Pack - Safari Quest and Atlantic Quest (Europe)
BKFE	Kung Fu Panda - Showdown of Legendary Legends (USA)
BKFP	Kung Fu Panda - Showdown of Legendary Legends (Europe) (En,Fr,De,Es,It)
BKKE	Lord of Magna - Maiden Heaven (USA)
BKTP	Hello Kitty & Friends - Rock n' World Tour (Europe) (En,Fr,De,Es,It)
BKYE	Hello Kitty and Sanrio Friends 3D Racing (USA)
BKYP	Hello Kitty and Sanrio Friends 3D Racing (Europe) (En,Fr,De,Es,It,Nl)
BL5E	Skylanders SuperChargers Racing (USA)
BL5P	Skylanders SuperChargers Racing (Europe) (En,Fr,De,Es,It,Nl,Sv,No,Da,Fi)
BLBP	I Love My Little Boy (Europe) (En,Fr,De,Es,It,Nl,Pt,Sv,No,Da,Fi)
BLDE	Legend of Korra, The - A New Era Begins (USA)
BLFE	Layton's Mystery Journey - Katrielle and the Millionaires' Conspiracy (USA) (En,Fr,Es)
BLFP	Layton's Mystery Journey - Katrielle and the Millionaires' Conspiracy (Europe) (En,Fr,De,Es,It,Nl)
BLGP	I Love My Little Girl (Europe) (En,Fr,De,Es,It,Nl,Pt,Sv,No,Da,Fi)
BLHE	LEGO The Hobbit (USA) (En,Fr,Es,Pt)
BLHP	LEGO The Hobbit (Europe) (En,Fr,De,Es,It,Nl,Da)
BLHX	LEGO El Hobbit (Spain) (En,Fr,De,Es,It,Nl,Da)
BLHY	LEGO Der Hobbit (Germany) (En,Fr,De,Es,It,Nl,Da)
BLHZ	LEGO The Hobbit (France) (En,Fr,De,Es,It,Nl,Da)
BLJE	LEGO Jurassic World (USA) (En,Fr,Es,Pt)
BLJP	LEGO Jurassic World (Europe) (En,Fr,De,Es,It,Nl,Da)
BLJV	LEGO Jurassic World (Italy) (En,Fr,De,Es,It,Nl,Da)
BLJX	LEGO Jurassic World (Spain) (En,Fr,De,Es,It,Nl,Da)
BLJY	LEGO Jurassic World (France) (En,Fr,De,Es,It,Nl,Da)
BLJZ	LEGO Jurassic World (Germany) (En,Fr,De,Es,It,Nl,Da)
BLLE	Legend of Legacy, The (USA)
BLLP	Legend of Legacy, The (Europe)
BLNE	LEGO Ninjago - Nindroids (USA) (En,Fr,Es,Pt)
BLNP	LEGO Ninjago - Nindroids (Europe) (En,Fr,De,Es,It,Nl,Da)
BLNX	LEGO Ninjago - Nindroids (Spain) (En,Fr,De,Es,It,Nl,Da)
BLNY	LEGO Ninjago - Nindroids (Germany) (En,Fr,De,Es,It,Nl,Da)
BLNZ	LEGO Ninjago - Nindroids (France) (En,Fr,De,Es,It,Nl,Da)
BLSE	LEGO Ninjago - Shadow of Ronin (USA) (En,Fr,Es,Pt)
BLSP	LEGO Ninjago - Shadow of Ronin (Europe) (En,Fr,De,Es,It,Nl,Da)
BLSX	LEGO Ninjago - La Sombra de Ronin (Spain) (En,Fr,De,Es,It,Nl,Da)
BLSY	LEGO Ninjago - L'Ombre de Ronin (France) (En,Fr,De,Es,It,Nl,Da)
BLSZ	LEGO Ninjago - Schatten des Ronin (Germany) (En,Fr,De,Es,It,Nl,Da)
BLWD	LEGO Star Wars - Das Erwachen der Macht (Germany) (En,Fr,De,Es,It,Nl,Da)
BLWE	LEGO Star Wars - The Force Awakens (USA)
BLWF	LEGO Star Wars - Le Reveil de la Force (France) (En,Fr,De,Es,It,Nl,Da)
BLWI	LEGO Star Wars - Il Risveglio della Forza (Italy) (En,Fr,De,Es,It,Nl,Da)
BLWP	LEGO Star Wars - The Force Awakens (Europe) (En,Fr,De,Es,It,Nl,Da)
BLWS	LEGO Star Wars - El Despertar de la Fuerza (Spain) (En,Fr,De,Es,It,Nl,Da)
BM2P	2in1 Horses 3D Vol.3 - My Riding Stables 3D - Jumping for the Team and My Western Horse 3D (Europe) (En,Fr,De,It,Nl)
BM3P	Me & My Pets 3D (Europe) (En,Fr,De,Es,It,Nl)
BM4P	Outback Pet Rescue 3D (Europe) (En,Fr,De,Es,It)
BM5E	Moco Moco Friends (USA)
BM6P	My Pet School 3D (Europe) (En,Fr,De,Es,It)
BM9E	Etrian Odyssey 2 Untold - The Fafnir Knight (USA)
BM9P	Etrian Odyssey 2 Untold - The Fafnir Knight (Europe)
BMCP	Mysterious Cities of Gold, The - Secret Paths (Europe) (En,Fr,De,Es,It,Pt,Sv,No,Ar)
BMEP	Best Friends My Horse 3D (Europe) (En,De,It)
BMFP	2in1 Horses 3D - My Foal 3D + My Riding Stables 3D - Rivals in the Saddle (Europe) (En,Fr,De,Es,It,Nl,Sv,No,Da)
BMGP	Life with Horses 3D (Europe) (En,Fr,De,Es,It,Nl)
BMHP	I Love My Horse (Europe) (En,Fr,De,Es,It,Nl,Pt,Sv,No,Da,Fi)
BMJP	Mike the Knight and the Great Gallop (Europe) (En,Fr,De,Es,It,Nl)
BMME	Mega Man Legacy Collection (USA)
BMNP	Asterix - The Mansions of the Gods (Europe) (En,Fr,De,Es,It,Nl)
BMRP	2in1 Horses 3D Vol.2 - Rivals in the Saddle and Jumping for the Team 3D (Europe) (En,Fr,De,Es,It)
BMSE	Monster High - New Ghoul in School (USA)
BMSP	Monster High - New Ghoul in School (Europe) (En,Fr,De,Es,It)
BMTP	Me & My Furry Patients 3D (Europe) (En,Fr,De,Es,It,Nl)
BMUE	Teenage Mutant Ninja Turtles - Danger of the Ooze (USA)
BMUP	Teenage Mutant Ninja Turtles - Danger of the Ooze (Europe) (En,Fr,De,Es,It,Nl,Sv)
BMXP	2in1 - Life with Horses 3D + My Baby Pet Hotel 3D (Europe) (En,Fr,De,Es,It,Nl)
BMZE	Etrian Odyssey V - Beyond the Myth (USA)
BMZP	Etrian Odyssey V - Beyond the Myth (Europe)
BNCP	Navy Commander (Europe) (En,Fr,De,Es,It,Nl)
BNDA	Pokemon Sun (USA) (En,Ja,Fr,De,Es,It,Zh,Ko)
BNEA	Pokemon Moon (USA) (En,Ja,Fr,De,Es,It,Zh,Ko)
BNTE	Teenage Mutant Ninja Turtles (USA) (En,Fr)
BNUE	Senran Kagura 2 - Deep Crimson (USA)
BNUP	Senran Kagura 2 - Deep Crimson (Europe)
BP9P	Horse Vet 3D (Europe) (En,Fr,De,Es,It,Nl)
BPCE	Pokemon Art Academy (USA) (En,Fr,Es) (Rev 2)
BPCP	Pokemon Art Academy (Europe) (En,Fr,De,Es,It)
BPEE	Peanuts Movie, The - Snoopy's Grand Adventure (USA)
BPEP	Peanuts Movie, The - Snoopy's Grand Adventure (Europe) (En,Fr,De,Es,It,Nl,Sv)
BPFE	Poptropica - Forgotten Islands (USA)
BPGE	Penguins of Madagascar (USA) (En,Fr)
BPGP	Penguins of Madagascar (Europe) (En,Fr,De,Es,It)
BPJP	Rhythm Paradise Megamix (Europe) (En,Fr,De,Es,It)
BPLE	Paddington - Adventures in London (USA)
BPLP	Paddington - Adventures in London (Europe) (En,Fr,De,Es,It)
BPME	Pac-Man and the Ghostly Adventures 2 (USA)
BPMP	Pac-Man and the Ghostly Adventures 2 (Europe) (En,Fr,De,Es,It)
BPNE	SpongeBob HeroPants (USA)
BPNP	SpongeBob HeroPants (Europe) (En,Fr,De,It)
BPPE	Return to PopoloCrois - A Story of Seasons Fairytale (USA)
BPRE	Disney Planes - Fire & Rescue (USA) (En,Fr,Es,Pt)
BPRP	Disney Planes - Fire & Rescue (Europe) (En,Fr,De,Es,It)
BPXE	Pokemon Super Mystery Dungeon (USA)
BPXP	Pokemon Super Mystery Dungeon (Europe) (En,Fr,De,Es,It)
BPZP	Pazuru (Europe) (En,Fr,De,Es)
BQ8E	Dragon Quest VIII - Journey of the Cursed King (USA)
BQ8P	Dragon Quest VIII - Journey of the Cursed King (Europe) (En,Fr,De,Es,It)
BR3E	Cut the Rope - Triple Treat (USA) (En,Fr)
BR3P	Cut the Rope - Triple Treat (Europe) (En,Fr,De,Es,It)
BRBE	Radiant Historia - Perfect Chronology (USA)
BRBP	Radiant Historia - Perfect Chronology (Europe)
BRCE	Hey! Pikmin (USA)
BRCP	Hey! Pikmin (Europe) (En,Fr,De,Es,It,Nl)
BRDP	One Piece - Romance Dawn (Europe) (En,Fr,De,Es,It)
BRDZ	One Piece - Romance Dawn (USA) (En,Fr,Es)
BRGE	Langrisser Re-Incarnation - Tensei (USA)
BRME	Mario & Luigi - Superstar Saga + Bowser's Minions (USA) (En,Fr,Es)
BRMP	Mario & Luigi - Superstar Saga + Bowser's Minions (Europe) (En,Fr,De,Es,It,Nl)
BRPE	RPG Maker Fes (USA) (En,Fr,Es)
BRPP	RPG Maker Fes (Europe) (En,Fr,De,Es,It)
BRQE	Barbie & Her Sisters - Puppy Rescue (USA)
BRQP	Barbie & Her Sisters - Puppy Rescue (Europe) (En,Fr,De)
BRRP	Rayman and Rabbids Family Pack (Europe) (En,Fr,De,Es,It,Nl,Pt,Sv,No,Da) (Rev 1)
BRWE	Cartoon Network - Battle Crashers (USA)
BRWZ	Cartoon Network - Battle Crashers (Europe) (En,Fr,De,Es,It,Nl)
BRXE	Hatsune Miku - Project Mirai DX (USA)
BRXP	Hatsune Miku - Project Mirai DX (Europe)
BRZP	3in1 Horses - My Riding Stables 3D - Jumping for the Team + Riding Star 3D + My Western Horse 3D (Europe) (En,Fr,De,Es,It,Nl)
BS3E	Stella Glow (USA)
BS3P	Stella Glow (Europe)
BS6E	Sonic Boom - Fire & Ice (USA) (En,Fr,Es)
BS6P	Sonic Boom - Fire & Ice (Europe) (En,Fr,De,Es,It)
BS8E	Cooking Mama - Sweet Shop (USA)
BS8P	Cooking Mama - Sweet Shop (Europe) (En,Fr,De,Es,It)
BS9E	Skylanders Trap Team (USA) (En,Fr,Es,Pt)
BS9P	Skylanders Trap Team (Europe) (En,Fr,De,Es,It,Nl,Sv,No,Da,Fi)
BSED	Bravely Second - End Layer (Europe) (En,Fr,De,Es,It)
BSEE	Bravely Second - End Layer (USA) (En,Fr,Es)
BSFE	Skylanders Swap Force (USA) (En,Fr,Es,Pt)
BSFP	Skylanders Swap Force (Europe) (En,Fr,De,Es,It,Nl,Sv,No,Da,Fi)
BSHP	Survivor Heroes (Europe) (En,Fr,Es,It,Nl,Sv,No,Da,Tr)
BSKE	Etrian Odyssey Untold - The Millennium Girl (USA)
BSKP	Etrian Odyssey Untold - The Millennium Girl (Europe)
BSMP	Shanghai Mahjong (Europe) (En,Fr,De,Es,It,Nl)
BSQP	Safari Quest (Europe) (En,Fr,De,Es,It,Nl)
BSSE	Power Rangers Super Megaforce (USA)
BSSP	Power Rangers Super Megaforce (Europe) (En,Fr,De,Es,It)
BSYE	Sonic Boom - Shattered Crystal (USA)
BSYP	Sonic Boom - Shattered Crystal (Europe) (En,Fr,De,Es,It)
BT2P	Top Model 3D (Europe) (En,Fr,De,Es,It,Nl)
BTBP	Thomas & Friends - Steaming around Sodor (Europe) (En,Fr,De,Es,It,Nl)
BTDE	How to Train Your Dragon 2 (USA) (En,Fr,Es,Pt)
BTDP	How to Train Your Dragon 2 (Europe) (En,Fr,De,Es,It,Pt)
BTEE	Terraria (USA) (Rev 1)
BTEP	Terraria (Europe) (En,Fr,De,Es,It) (Rev 1)
BTHE	Theatrhythm Final Fantasy - Curtain Call (USA)
BTHP	Theatrhythm Final Fantasy - Curtain Call (Europe)
BTKE	Tenkai Knights - Brave Battle (USA) (En,Fr,Es)
BTKP	Tenkai Knights - Brave Battle (Europe) (En,Fr,De,Es,It)
BTLE	Tetris Ultimate (USA) (En,Fr,Es,Pt)
BTLP	Tetris Ultimate (Europe) (En,Fr,De,Es,It)
BTME	LEGO Batman 3 - Beyond Gotham (USA) (En,Fr,Es,Pt)
BTMP	LEGO Batman 3 - Beyond Gotham (Europe) (En,Fr,De,Es,It,Nl,Da)
BTMV	LEGO Batman 3 - Gotham e Oltre (Italy) (En,Fr,De,Es,It,Nl,Da)
BTMX	LEGO Batman 3 - Beyond Gotham (Spain) (En,Fr,De,Es,It,Nl,Da)
BTMY	LEGO Batman 3 - Au-dela de Gotham (France) (En,Fr,De,Es,It,Nl,Da)
BTMZ	LEGO Batman 3 - Jenseits von Gotham (Germany) (En,Fr,De,Es,It,Nl,Da)
BTNE	Teenage Mutant Ninja Turtles - Master Splinter's Training Pack (USA) (En,Fr)
BTNP	Teenage Mutant Ninja Turtles - Master Splinter's Training Pack (Europe) (En,Fr,De,Es,It,Nl,Sv)
BTRE	Bravely Default (USA) (En,Ja,Fr,De,Es,It)
BTRP	Bravely Default (Europe) (En,Ja,Fr,De,Es,It)
BTSE	Story of Seasons (USA)
BTSP	Story of Seasons (Europe) (En,Fr,De,Es,It)
BTWP	Teenage Mutant Ninja Turtles (Europe) (En,Fr,De,Es,It,Nl,Sv)
BUSE	Smurfs, The (USA)
BUSP	Smurfs, The (Europe) (En,Fr,De,Es,It,Nl)
BUWE	One Piece - Unlimited World Red (USA)
BUWP	One Piece - Unlimited World Red (Europe) (En,Fr,De,Es,It)
BWCE	Winx Club - Saving Alfea (USA) (En,Fr,Es,Pt)
BWCP	Winx Club - Saving Alfea (Europe) (En,Fr,De,Es,It,Pt)
BWDE	Disney Art Academy (USA)
BWDP	Disney Art Academy (Europe) (En,Fr,De,Es,It)
BWLP	Luv Me Buddies Wonderland (Europe) (En,Fr,De,Es,It)
BWRP	WRC - FIA World Rally Championship (Europe) (En,Fr,De,Es,It)
BX2E	Project X Zone 2 (USA)
BX2P	Project X Zone 2 (Europe) (En,Fr,De,Es,It)
BXLE	Chibi-Robo! Zip Lash (USA)
BXLP	Chibi-Robo! Zip Lash (Europe) (En,Fr,De,Es,It)
BXXE	Monster Hunter Generations (USA)
BXXP	Monster Hunter Generations (Europe) (En,Fr,De,Es,It)
BY5E	Are You Smarter than a 5th Grader (USA)
BYAE	Yo-Kai Watch Blasters - Red Cat Corps (USA)
BYAP	Yo-Kai Watch Blasters - Red Cat Corps (Europe) (En,Fr,De,Es,It)
BYBE	Yo-Kai Watch Blasters - White Dog Squad (USA)
BYBP	Yo-Kai Watch Blasters - White Dog Squad (Europe) (En,Fr,De,Es,It)
BYGE	Yo-Kai Watch 2 - Bony Spirits (USA)
BYGP	Yo-Kai Watch 2 - Bony Spirits (Europe) (En,Fr,De,Es,It,Nl)
BYGZ	Yo-Kai Watch 2 - Bony Spirits (Australia)
BYHE	Yo-Kai Watch 2 - Fleshy Souls (USA)
BYHP	Yo-Kai Watch 2 - Fleshy Souls (Europe) (En,Fr,De,Es,It,Nl)
BYHZ	Yo-Kai Watch 2 - Fleshy Souls (Australia)
BYSE	Yo-Kai Watch 2 - Psychic Specters (USA) (En,Fr,Es)
BYSP	Yo-Kai Watch 2 - Psychic Specters (Europe) (En,Fr,De,Es,It,Nl,Ru)
BYSZ	Yo-Kai Watch 2 - Psychic Specters (Australia)
BZEE	Zero Escape - Zero Time Dilemma (USA)
BZHE	Hyrule Warriors Legends (USA)
BZHP	Hyrule Warriors Legends (Europe) (En,Fr,De,Es,It)
BZLE	Legend of Zelda, The - A Link Between Worlds (USA) (En,Fr,Es)
BZLP	Legend of Zelda, The - A Link Between Worlds (Europe) (En,Fr,De,Es,It)
BZME	Etrian Odyssey Nexus (USA)
BZMP	Etrian Odyssey Nexus (Europe)
BZPE	Captain Toad - Treasure Tracker (USA) (En,Fr,Es)
BZPP	Captain Toad - Treasure Tracker (Europe) (En,Fr,De,Es,It,Nl)
CTAP	Super Mario (USA) (Beta) (E3 2011 demo)
EA3E	Legend of Zelda, The - Tri Force Heroes (USA) (En,Fr,Es)
EA3P	Legend of Zelda, The - Tri Force Heroes (Europe) (En,Fr,De,Es,It)
EAAE	Animal Crossing - New Leaf - Welcome Amiibo (USA)
EAAP	Animal Crossing - New Leaf - Welcome Amiibo (Europe) (En,Fr,De,Es,It)
EC6E	Tomodachi Life (USA)
EC6P	Tomodachi Life (Europe) (En,Fr,De,Es,It)
ECDE	Style Savvy - Fashion Forward (USA)
ECDP	Nintendo presents - New Style Boutique 2 - Fashion Forward (Europe) (En,Fr,De,Es,It)
ECFA	Pokemon Rumble World (USA)
ECLA	Pokemon Alpha Sapphire (USA) (En,Ja,Fr,De,Es,It,Ko) (Rev 2)
ECRA	Pokemon Omega Ruby (USA) (En,Ja,Fr,De,Es,It,Ko) (Rev 2)
ECRP	Pokemon Omega Ruby (Europe) (En,Ja,Fr,De,Es,It,Ko) (Rev 2)
EDHE	Animal Crossing - Happy Home Designer (USA) (En,Fr,Es)
EDHP	Animal Crossing - Happy Home Designer (Europe) (En,Fr,De,Es,It)
EGDE	Animal Crossing - New Leaf (USA) (En,Fr,Es)
EGDP	Animal Crossing - New Leaf (Europe) (En,Fr,De,Es,It)
EK2A	Pokemon Y (USA) (En,Ja,Fr,De,Es,It,Ko)
EKJA	Pokemon X (USA) (En,Ja,Fr,De,Es,It,Ko)
