0010B680	My Dinner with Andre (World) (v1.1)
0030E61F	Gargoyle's Quest (USA, Europe)
00388844	Final Fantasy Legend, The (World) (Collection of SaGa)
005E5E3F	Jurassic Park (World) (Limited Run Games)
00A14889	Dragon's Lair - The Legend (Europe)
00A9001E	Hercules (USA, Europe) (SGB Enhanced)
00CD1876	Bram Stoker's Dracula (USA, Europe)
00D4CAF2	Goal! (USA)
00DA50E2	StarHawk (World) (Limited Run Games)
00DEF37A	Little Mermaid, The (Europe)
00F09C7F	T2 - The Arcade Game (USA, Europe)
0145BB6C	Pierre le Chef is... Out to Lunch (Europe)
018B4A02	4-in-1 Funpak - Volume II (USA, Europe)
01FBC9F6	Krusty World (Japan) (En)
025F10DF	Rugrats Movie, The (World) (Retro Rewind Collection) (SGB Enhanced)
02852E24	Chessmaster, The (Europe)
02864C32	Pinball Deluxe (Europe)
02B77C09	Skate or Die - Tour de Thrash (USA)
02D09CE3	Hyper Dunk (Europe)
030D2054	Lunar Lander (Japan) (En)
032F41FE	Rex Run (World)
03B0D4EC	Mega Man III (Europe)
03B64A35	Mr. Nutz (Europe)
03CC5290	Retrospekt Retro Gaming Museum the Game, The - AVCon 2019 Version (World)
03E84D7D	Nigel Mansell's World Championship Racing (USA)
03F2DD1A	Safe File (World) (SGB Enhanced)
040843C1	Dragon's Lair - The Legend (World) (Incube8 Games)
04453E78	Roadster (Japan) (En)
045DEE8C	F-15 Strike Eagle (USA, Europe)
04E241E4	Spot - The Video Game (Europe)
0506C12B	Top Gun - Guts & Glory (USA, Europe)
0509069C	Pac-Man (Europe)
05650804	Die And Retry (World)
058EEEDB	InfoGenius Productivity Pak - Berlitz Spanish Translator (USA, Europe)
060B89E6	Mega Man IV (Europe)
0636D89E	Tom & Jerry (USA, Europe)
0680BFC3	Pit-Fighter (USA, Europe)
06D6980B	RoboCop (Japan) (En)
06F04370	NFL Quarterback Club II (USA, Europe)
075A8231	Wordtris (USA)
085C4A02	Pinocchio (Europe)
0860B667	Taz-Mania (Europe)
08725C79	Jeopardy! (USA)
08838397	Star Wars (World) (Limited Run Games)
08A3A987	Marron Helps a Friend (World)
08BF29C9	Heiankyou Alien (Japan) (En)
095C3D47	Jurassic Park Part 2 - The Chaos Continues (World) (En,Fr,De,It) (Limited Run Games)
097FFE2C	Asterix (Europe) (En,Fr,De,Es,It)
09F75C70	Joe Blade 2 (World)
0A9859C1	Ken Griffey Jr. Presents Major League Baseball (USA, Europe) (SGB Enhanced)
0A9AB6E7	Minolta 2097 Adj. Program (USA)
0AE28712	Dragonborne (World) (Alt)
0AF905C0	Dig Dug (Europe)
0B0041FB	Alien Invasion (World)
0B10ADAF	Zelda's Adventure (World) (v1.3.0)
0B29830A	Street Fighter II (USA, Europe) (SGB Enhanced)
0B400A91	Raffles (World)
0BF2A1C8	Birdie Bartender (World)
0C042862	Kid Icarus - Of Myths and Monsters (USA, Europe)
0C1D2B68	Chessmaster, The (USA, Europe)
0C228A78	Otto's Ottifanten - Baby Bruno's Alptraum (Europe) (En,Fr,De,Es)
0C24923E	David Crane's The Rescue of Princess Blobette (World) (Limited Run Games)
0C5171EF	Final Fantasy Legend III (World) (Collection of SaGa)
0CA07CDA	NBA Jam (USA, Europe)
0CDD8B04	Shisenshou - Match-Mania (Japan) (En)
0D0958A3	Nigel Mansell's World Championship Racing (Europe)
0D30B3A1	Mickey Mouse IV - Mahou no Labyrinth (Japan) (En)
0D430D1A	Cool Hand (Europe)
0D62473D	Dr. Franken II (USA, Europe) (En,Fr,De,Es,It,Nl,Sv)
0E0216E6	4-in-1 Fun Pak (USA, Europe)
0E2A1414	Power Mission (Japan) (En)
0E5BB1C4	Ms. Pac-Man (USA)
0EC224BB	Dragonborne (World)
0EF4637D	Lingo (Europe) (En,Fr,De,Nl)
0FD1AE54	Pocket Bomberman (Europe) (SGB Enhanced)
0FD66B1A	Bart no Survival Camp (Japan) (En)
0FDC9FB1	Konami Golf (Europe)
1009C6C0	Spider-Man - X-Men - Arcade's Revenge (USA, Europe)
10499AF6	Last Action Hero (USA, Europe)
104EB503	Wizards & Warriors X - The Fortress of Fear (USA, Europe)
105BC1C0	Boomer's Adventure in ASMIK World (USA)
10697CE3	Friend of the Void (World)
10838580	Cuthbert in the Cooler (World)
1089098F	Alfred Chicken (Japan) (En) (SGB Enhanced)
10C98DD1	Dr. Mario (World)
10E1A10C	Zoop (Japan) (En)
10F577C7	Black Castle (World)
1119484A	Solitaire (Japan) (En)
112487C9	Splitz (Europe)
114E1F1E	4 in 1 (Europe) (4B-009, Sachen)
11568E64	Trip World (Japan) (En)
11817103	SolarStriker (World)
11B7687A	Tronimal - 35 (World) (Album)
11C62E39	Lawn Mower Land (World)
124A0D06	Rugrats Movie, The (USA) (SGB Enhanced)
12DE9BAC	Ultra Golf (USA)
134F91D7	Lawnmower Man, The (Europe)
13B72EE4	Great Detention Getaway, The (World)
13DD233F	Spider-Man 2 (USA, Europe)
13DD647D	Daffy Duck (Europe)
141675D3	Altered Space - A 3-D Alien Adventure (USA)
1495BBE5	Heiankyo Alien (USA)
1496A089	Spider-Man - X-Men - Arcade's Revenge (World) (Marvel MaXimum Collection)
14F8B6BB	Zoop (USA, Europe)
1526A96B	Heavyweight Championship Boxing (USA)
15493E75	Minolta 2472-73 Adj. Program (USA)
155F85DC	Waifu Clicker (World)
15CD2B63	NHL 96 (USA, Europe) (SGB Enhanced)
160FA9EF	Mortal Kombat - Shinken Kourin Densetsu (Japan) (En)
1686D7ED	Jet Set Willy (World)
169B00C1	DuckTales 2 (Europe)
1722E5B2	Yu-Gi-Oh! Duel Monsters (World) (v1.1) (Early Days Collection) (SGB Enhanced)
173232E5	Iron Man X-O Manowar in Heavy Metal (USA, Europe) (SGB Enhanced)
173B549A	There's Nothing to Do in This Town (World)
176D2EEB	Adventures of Lolo (Europe) (SGB Enhanced)
179C494E	Legend of Prince Valiant, The (Europe) (En,Fr,De)
185CE1D5	Pogo Pete (World)
18671602	Jimmy Connors no Pro Tennis Tour (Japan) (En)
186C109B	Monster Truck Wars (USA, Europe)
1889552F	WWF Raw (USA, Europe)
18C78B3A	Final Fantasy Adventure (USA)
1907DAC5	Gauntlet II (USA, Europe)
19608641	Extra Bases (USA)
1987EACC	Cool Spot (Europe)
198F147D	Flipull - An Exciting Cube Game (Japan) (En)
19930EA5	Nemesis (Europe)
1A27FDF9	Pong Boy (World)
1A45706E	Super Hunchback (USA)
1A4EB519	Sagaia (World) (Darius Cozmic Revelation)
1A5106A2	Lucy and the Gem Dungeon (World)
1A5A38DA	Pac-In-Time (Japan) (En) (SGB Enhanced)
1A602590	Rolan's Curse (USA)
1A6BD577	Miner 2049er Starring Bounty Bob (USA)
1A98F0A4	Winter Olympic Games (USA)
1B167F00	Max (Europe)
1B3B46EF	Choplifter III (Europe)
1B67E8B1	Out of Gas (USA)
1B7EB836	Minolta 2098 Adj. Program (USA)
1BC5F8AA	Penguin Migrants (World) (v1.1)
1BDDF36F	Doctor GB Card 16M Loader (World)
1C03C0EE	Probotector (World) (Contra Anniversary Collection)
1C4B7EB0	Sacred Meat (World) (v1.1)
1C829CE3	Arcade Classic No. 4 - Defender & Joust (USA, Europe) (SGB Enhanced)
1CB8BFC2	Schiffe Versenken (Germany) (En,Fr,De,Es)
1CED0A62	Remute - Living Electronics (World) (Album)
1CEDB141	Krusty's Fun House (USA, Europe)
1D1155AF	Dragon Tail (Japan) (En)
1DC0F813	Super Breakout (USA)
1DF2E81D	Humans, The (USA)
1E8B2A29	Perfect Blend (World) (v0.9) (Bugfix)
1EAE0E10	Harvest Moon GB (USA) (SGB Enhanced)
1EF0ABF1	SmartCom (Europe)
1EF3BEDB	Raging Fighter (USA, Europe)
1F8D207C	Lethal Weapon (USA, Europe)
1FB35885	Torpedo Range (Japan) (En)
1FF84E8C	King of Fighters '95, The (USA) (SGB Enhanced)
2085AAD9	Ren & Stimpy Show, The - Space Cadet Adventures (USA)
2088F85F	Micro Machines (USA, Europe)
20AE389A	VS Battler (Japan) (En)
20D562B2	Mai Nurse (World) (v1.01)
2165F2E4	Ciao Nonna (World) (v1.1)
216E6AA1	Castlevania - The Adventure (USA)
21848101	Terminator 2 - Judgment Day (USA, Europe)
21C98AF2	Kwirk - He's A-maze-ing! (USA, Europe)
21FC06B3	Pluto's Corner (World)
225CE296	Ciao Nonna (World) (v2.1)
22D07CF6	Looney Tunes 2 - Tasmanian Devil in Island Chase (USA, Europe)
23467A35	Lemmings (Europe)
235171C4	Sports Illustrated - Championship Football & Baseball (USA)
2359BF0C	Turrican (USA, Europe)
2359D61E	Super Hunchback (Europe)
23679231	King James Bible (USA)
238B9646	Darkwing Duck (USA)
23E9D625	Mickey's Ultimate Challenge (USA, Europe)
23F64E82	Soccer Boy (Japan) (En)
240C589D	Star Wars - The Empire Strikes Back (USA, Europe)
245AFCDC	Centipede (USA, Europe) (Accolade)
24666C4D	Micro Machines 2 - Turbo Tournament (Europe)
24843867	Boxxle (USA)
24D5F785	Altered Space - A 3-D Alien Adventure (Europe)
250D665A	GB Pixel Jam 2023 Gallery (World) (Digital)
250E0CBD	DMG Deals Damage (World)
259FF267	Earthworm Jim (USA)
25C3100A	Tetris 2 (USA, Europe) (Rev 1) (SGB Enhanced)
25F82BB1	David Crane's The Rescue of Princess Blobette (Europe)
25FF97F7	Stardiver (World)
263FD152	Game Boy Gallery - 5 Games in 1 (Europe) (SGB Enhanced)
2754F360	Rolan's Curse II (USA)
27BDDF77	Krezber (World)
27CDE8D6	Speedy Gonzales (USA, Europe)
27D74C50	NBA Jam - Tournament Edition (USA, Europe)
2827E5D4	Donkey Kong Land 2 (USA, Europe) (SGB Enhanced)
283C58B7	Aladdin (Europe) (SGB Enhanced)
28FA451E	Addams Family, The (Europe) (En,Fr,De)
296CEACB	Navy SEALs (USA, Europe)
2A26F8DD	Alley (World)
2A4EAFE4	Amazing Spider-Man, The (USA, Europe)
2AC1B945	Spiky Harold (World)
2B795480	Spirit of F-1, The (Europe)
2B7A5034	Snoopy's Magic Show (USA, Europe)
2BB55CA5	Borruga - Neo Pinball (World)
2BBBB54D	DuckTales (USA)
2BD995F1	Prince of Persia (USA)
2C27EC70	Super Mario Land (World) (Rev 1)
2C36C74C	Mole Mania (USA, Europe) (SGB Enhanced)
2C77F399	Hit the Ice - VHL - The Official Video Hockey League (USA, Europe)
2C8AD255	Jurassic Park (Europe) (En,Fr,De,Es,It)
2D0C1073	Battle Arena Toshinden (USA) (SGB Enhanced)
2D27CDF2	Ghost Town (World)
2D33E175	Reservoir Rat (Europe) (En,Fr,De,Es,It)
2D924E46	Pinocchio (USA)
2DB3DACE	Black Bass - Lure Fishing (USA)
2DD97A47	AJXI - Cosmic Climb (World)
2E5497EF	Exodus - Journey to the Promised Land (USA)
2E767D25	Cosmo Tank (USA)
2EA05DAA	Action Replay Pro (World)
2EA4B976	Mega Man - Dr. Wily's Revenge (Europe)
2EBBC1AE	Operation C (USA)
2EBC40C2	Worms (Europe)
2EE4BF0B	Tronimal - Hello_World! (World) (Album)
2F752404	Castelian (Europe)
2F8AAF6F	Castle Quest (Europe)
2FB4DA21	Popeye (Japan) (En)
2FE2A72D	R-Type II (Europe)
2FEB70D2	Xenon 2 - Megablast (Japan) (En)
300B1D2D	Monster Max (Europe) (En,Fr,De,Es,It,Nl)
3011D5CA	Amazing Penguin (USA, Europe)
3032025A	Shark Attack (World)
308A2465	Dragon Slayer I (Japan) (En)
30ABBE05	Birdie Bartender (World) (v1.2)
30AE39B6	Go! Go! Tank (Japan) (En)
30ECA8D3	Oblique Strategies (World)
318DBDE1	Motocross Maniacs (USA)
31A227ED	Super Battletank (Europe)
31A3BD99	seaQuest DSV (USA, Europe) (SGB Enhanced)
31CB6526	Kirby's Pinball Land (USA, Europe)
31FB404B	Lazlos' Leap (USA)
32909F62	NBA Jam - Tournament Edition (Japan) (En)
32A81A49	Hyper Black Bass '95 (Japan) (En,Ja)
32ED7F4A	Mona and the Witch's Hat (World)
3340E600	Kung-Fu Master (USA, Europe)
33574ECB	Beetlejuice (USA)
33CD7550	Mini-Putt (Japan) (En)
3430D261	Lion King, The (USA)
34671DC6	Little Tales of Alexandria, The - Mr Meows Dance Party! (World) (MBC3) (SGB Enhanced)
34D08E7B	Legend of Zelda, The - Link's Awakening (USA, Europe) (Rev 2)
351A7277	Dropzone (Europe)
351FD00A	Touch the Cat (World)
3579E297	Gremlins 2 - The New Batch (World)
358E0091	Superman (USA, Europe) (SGB Enhanced)
35A5234A	Solitaire FunPak (USA, Europe)
35D9BE0E	Days of Thunder (USA, Europe)
362C841C	Adventures of Rocky and Bullwinkle and Friends, The (USA)
36645203	Spy vs Spy - Operation Boobytrap (Europe)
3700927F	Total Carnage (USA, Europe)
370A2C2F	Hook (Europe)
373343E6	B.C. Kid (Europe)
37C305DC	Minolta 2440 Adj. Program (USA) (Alt)
3874B7A2	Super Scrabble (USA)
3890E0A4	Do I Pass (World) (En) (v1.5)
38C126AA	MVP Baseball (Japan) (En)
391F532A	Lost World, The - Jurassic Park (USA, Europe) (SGB Enhanced)
39608C31	Koro Dice (Japan) (En)
39E261B9	Bubble Bobble Junior (Japan) (En)
3A4636FF	Hunchback of Notre Dame, The - 5 Foolishly Fun Topsy Turvy Games (USA, Europe) (SGB Enhanced)
3A4D4B09	Teenage Mutant Ninja Turtles III - Radical Rescue (USA) (Cowabunga Collection, The)
3A581E64	Commodore 16+4 Pack (World) (Digital)
3A5A56CB	Star Trek - The Next Generation (USA, Europe)
3A61FEFC	Stick Man Guy (World)
3A6CD4D8	Missile Command (USA, Europe)
3AB55613	WWF King of the Ring (Japan) (En)
3AF37D46	Minolta 2156 Adj. Program (USA)
3B11A875	Teenage Mutant Ninja Turtles - Fall of the Foot Clan (USA) (Cowabunga Collection, The)
3B2C7118	Blaster Master Boy (USA)
3B523216	Jeopardy! - Sports Edition (USA)
3B6CDDA4	Flappy Special (Japan) (En)
3B9C3BC6	Alfred Chicken (USA)
3BE6AC04	Rockman World (Japan) (En)
3BF1E911	Binary Monsters II - Adventure of Hell (Taiwan) (En)
3C4CD245	Winter Gold (Europe)
3C4E29B4	Top Rank Tennis (USA)
3C86F5DB	Burai Fighter Deluxe (USA, Europe)
3C95B1AA	Roommate Simulator (World)
3CAB28D9	Alfred Chicken (Europe)
3D04B8E7	Dr. Franken (Japan) (En)
3DA2A358	Tech and Blood (World)
3DDF177D	Deep Forest (World) (v1.1)
3E0483D6	Thin Ice Rescue, The (World)
3E20C1A8	Cheesy Town (World) (En,Ja)
3E2810BE	Super Off Road (USA, Europe)
3E454710	Final Fantasy Legend III (USA)
3E83ABD3	Teenage Mutant Ninja Turtles 2 (Japan) (En) (Cowabunga Collection, The)
3F73FE7A	Baby T-Rex (Europe)
3FC21B74	Hyper Lode Runner (Japan) (En) (Possible Proto)
3FCB174D	Jordan vs Bird - One on One (Japan) (En)
4018EBF7	Harbour Attack (World)
4023E085	World Beach Volley - 1992 GB Cup (Europe)
40242E35	InfoGenius Productivity Pak - Frommer's Travel Guide (USA)
402D4D47	Yannick Noah Tennis (France) (En)
403E1B7E	Bugs Bunny Crazy Castle, The (USA, Europe)
40418964	World Cup Striker (Europe) (En,Fr,De) (Possible Proto)
40A8BF12	Double Dragon (USA, Europe)
40BE3889	Wario Land - Super Mario Land 3 (World)
40C9D0F2	Mortal Kombat 3 (Europe)
40F25740	Kirby's Dream Land (USA, Europe)
4106D781	Bubble Bobble Part 2 (USA, Europe)
41DBB5FB	Bionic Commando (USA)
42284C26	Blaster Master Boy (World) (Evercade)
422A7B44	Snail, The (World) (v1.3)
42C77AF5	Fortified Zone 2 (World)
42DDF53E	Bouncing Ball, The (World)
4312C7FF	Rhythm Land (World)
4365A789	RoboCop 2 (USA, Europe)
442420B3	Race Days (USA)
444D3D5E	Muncher (World)
44BADBB7	Nail 'n Scale (USA, Europe)
44C0466E	Handheld Heroes (World) (Album)
44F51C73	Teenage Mutant Ninja Turtles II - Back from the Sewers (USA)
453057AC	Populous (Europe)
45689C8B	Kuru Kuru Pixel Logic (World)
4580EC88	Humans, The (USA) (QUByte Classics)
458174CC	Life's Too Short (World)
4627D88B	Mario & Yoshi (Europe)
4627F98E	Snakebird (World)
4640909F	Game Boy Camera (USA, Europe) (SGB Enhanced)
46A001C0	Baby T-Rex (World) (ModRetro Chromatic)
46CB2F33	Power Mission (USA)
46DE32BA	Paperboy (USA, Europe)
46DF91AD	Tetris (World) (Rev 1)
4786FD6E	Waterworld (Europe)
4789295C	Stargate (USA, Europe)
478F573C	Maus, Die (Europe) (En,Fr,De,Es)
47E70E08	Mega Man - Dr. Wily's Revenge (USA)
47FEADF2	World Bowling (Japan) (En)
48173941	Commando (World)
4892984D	Snoopy - Magic Show (Japan) (En)
48D37CD2	Track Meet - Mezase! Barcelona (Japan) (En)
49DC0D37	Donkey Kong Land (USA, Europe) (SGB Enhanced)
4A2C16FF	Jungle Book, The (World) (Disney Classic Games)
4A38BE7D	Trax (USA, Europe)
4ABF7BD2	Minolta 2428 Adj. Program (USA)
4B1DFE3D	Super Kick Off (Europe) (En,Fr,De,It,Nl)
4B929719	Fish Dude (USA)
4B993D0D	Palamedes (Japan) (En)
4BBCF652	Alien vs Predator - The Last of His Clan (USA)
4C0FB33E	Master Karateka (Japan) (En)
4C3D1508	NFL Football (USA)
4C3E0D15	Marzipan Beef Reverser (World)
4C5B4547	Bionic Commando (Europe)
4C707059	F-Zero - Project (World)
4CA75D4D	Mickey Mouse (Japan) (En)
4CCB65E0	Taz-Mania 2 (USA)
4D2D8BC3	King of Fighters, The - Heat of Battle (Europe) (SGB Enhanced)
4D933C08	Frogger (USA)
4DB33858	Game Boy Aging Cartridge (World) (En,Ja) (v1.1)
4DB7C817	Skate or Die - Bad 'N Rad (USA)
4E345023	World Ice Hockey (Japan) (En)
5009215F	Tennis (World)
50180F64	Shootris (World)
503D3613	Flintstones, The (USA, Europe)
504CBD1D	Ren & Stimpy Show, The - Veediots! (USA, Europe)
508282D0	Flintstones, The - King Rock Treasure Island (USA, Europe)
50A15DC8	Pac-In-Time (USA) (SGB Enhanced)
50CF593D	Meteorite (World)
5109F484	Choplifter II (Japan) (En)
5110E971	Nemesis (USA)
5124BBEC	Batman - Return of the Joker (USA, Europe)
5129A518	DragonHeart (USA, Europe)
51300CFD	Crystal Quest (USA)
51627213	Legend of the River King GB (Australia) (SGB Enhanced)
5175D761	Mega Man III (USA)
517A614C	Simpsons, The - Bart & the Beanstalk (USA, Europe)
518C2D2F	Turok - Battle of the Bionosaurs (USA, Europe) (En,Fr,De,Es)
51946E8D	Super Covid Go Get Biscuits Adventure (World)
51AA9CC2	FlappyBird GB (World)
51B8626D	Garfield Labyrinth (Europe)
51FF6E53	Blodia (Japan) (En)
5206FD09	Jeopardy! - Platinum Edition (USA) (SGB Enhanced)
52678AE8	Fighting Simulator 2 in 1 - Flying Warriors (USA, Europe)
526942E1	Palamedes (Europe)
526A4D25	Turn 'Em Off (World)
52773BF6	Cryohazard (World)
530B2EDD	My World (World)
531A3E16	Loopz (World)
532036D5	Galaga & Galaxian (Japan) (En) (SGB Enhanced)
533FA979	Goal! (Europe)
5359D6DB	Dangan GB (World) (v1.1)
538E0591	Lucky Luke (Europe) (En,Fr,De,Es)
53918941	Aladdin (World) (Disney Classic Games) (SGB Enhanced)
548CE311	Castlevania - The Adventure (USA) (Castlevania Anniversary Collection)
54A0AAA3	Street Fighter II (USA, Europe) (Rev 1) (SGB Enhanced)
54A6AEC4	Minolta 2162 Adj. Program (USA)
54DD179A	Black Castle 2 (World)
552A53B9	Spot - Cool Adventure (Japan) (En)
55300D0A	Mortal Kombat & Mortal Kombat II (USA, Europe)
5532B3D1	Minesweeper - Soukaitei (Japan) (En)
5546A382	Bart Simpson's Escape from Camp Deadly (USA, Europe)
55BBA483	Robin Hood - Prince of Thieves (Europe)
55DA3515	Pri Pri - Primitive Princess! (Japan) (En)
55FC585F	Tintin - Prisoners of the Sun (Europe) (En,Fr,De)
560D71EB	Lemmings (Europe) (Rev 1)
561AA835	Aqua (World) (v1.0)
572EA59C	Game Boy Digital Sampling Oscilloscope (Europe)
57BA5D56	Mortal Kombat II - Kyuukyoku Shinken (Japan) (En)
57D95C92	Mystic Quest (Europe)
580FCB18	Shanghai (USA)
581DA9C9	Radar Mission (USA, Europe)
5821ECD4	Ghostbusters II (USA, Europe)
58314182	Final Fantasy Legend II (USA)
583691FD	Duck (World)
583C0E4E	Alien Olympics (Europe)
58832BBC	Teenage Mutant Ninja Turtles III - Radical Rescue (USA)
58D8B1B8	Asteroids Chasers (World)
590F5FB1	Prophecy - The Viking Child (Europe) (En,Fr,De,Es,It)
5916713E	Punisher, The - The Ultimate Payback (USA)
59285F0A	Fastest Lap (Japan) (En)
59568248	Little Tales of Alexandria, The (World) (MBC5) (SGB Enhanced)
59D3E2AD	Ninja Boy (USA, Europe)
59ED370C	Chessmaster, The (USA) (Rev 1)
5A1A20F3	Burai Senshi Deluxe (Japan) (En)
5A61EE00	Hunt for Red October, The (USA, Europe)
5A6984C3	Teenage Mutant Ninja Turtles - Fall of the Foot Clan (USA)
5A843008	Nobunaga's Ambition (USA)
5B7C9A54	Teenage Mutant Hero Turtles III - Radical Rescue (Europe) (Rev 1)
5B7FF38C	Sword of Hope II, The (USA)
5B8F0DF2	BreakThru! (USA)
5B96E474	Double Dragon II (USA, Europe)
5BBACAA8	Street Racer (Japan) (En)
5BD13F4F	Minolta 2420 Adj. Program (USA)
5BFC3EF5	Mani 4 in 1 - Bubble Bobble + Elevator Action + Chase H.Q. + Sagaia (China) (En)
5C208855	Interblocked (World)
5C69E449	Battle Bull (Japan) (En)
5CC01586	Alleyway (World)
5D2BD778	Tintin in Tibet (Europe) (En,Fr,De,Nl) (SGB Enhanced)
5D2E8CFF	Doctor GB Card 4M (World)
5D461374	Adventures of Star Saver, The (USA, Europe)
5D8DEB5B	Star Wars (USA, Europe) (Rev 1)
5DA86ED4	Joe & Mac (USA)
5E1C3E8D	New Chessmaster, The (Japan) (En,Ja)
5E2E4E19	Choplifter II - Rescue & Survive (Europe)
5E438DB8	4 in 1 (Europe) (4B-002, Sachen)
5E4A61D3	HAL Wrestling (USA)
5E8F656A	Bill & Ted's Excellent Game Boy Adventure - A Bogus Journey! (USA, Europe)
5E90CB48	Mega Man II (Europe)
5E9956DE	Blitz Bomber (World)
5EE45A4D	Tetris Attack (USA, Europe) (Rev 1) (SGB Enhanced)
6002E291	R-Type II (Japan) (En)
600A6AD5	Bubsy II (USA)
60128AA8	Amida (Japan) (En)
6015B7E1	WWF War Zone (USA, Europe)
60231F83	World Cup USA 94 (Europe) (En,Fr,De,Es,It,Nl,Pt,Sv)
605DE43A	Star Trek - 25th Anniversary (USA, Europe)
6088B426	RoboCop (USA)
6093F4EC	Rodland (Europe)
60C84F2E	Plants Eat My Zombies (World) (v1.1)
61E48EEF	Astro Rabby (Japan) (En)
62A31DE6	Taikyoku Renju (Japan) (En,Ja)
62B4CC8C	Milon's Secret Castle (USA, Europe)
62D56C31	RoboCop (USA, Europe) (Rev 1)
62D9350E	4 in 1 (Europe) (4B-007, Sachen)
62E0C3A2	Do I Pass (World) (En) (v1.4) (Web)
6308019A	Super Hard Bouncer (World) (v1.0)
630E0E00	Super Chase H.Q. (USA, Europe)
635A9112	Super Mario Land 2 - 6 Golden Coins (USA, Europe) (Rev 2)
637E54E3	Beethoven (Europe) (SGB Enhanced)
6386C870	Jetsons, The - Robot Panic (USA, Europe)
63F9407D	Tetris (Japan) (En)
642C7EBE	Zen - Intergalactic Ninja (Europe)
644AEC3E	Boulder Dash (Europe)
64C06D94	Ninja Boy 2 (USA, Europe)
64F4FA44	Adventure Island (USA, Europe)
6510C0E2	Oddworld Adventures (USA, Europe)
6547E5C8	Song of Morus - Ghostly Night (World)
654988B2	Jack Nicklaus Golf (USA, Europe)
65998F48	Pac-Man (Japan) (En)
659E2283	Dexterity (USA, Europe)
65DFABCB	Go! Go! Tank (USA)
6669F0BE	Sacred Meat (World) (v1.3)
67303954	World Heroes 2 Jet (USA, Europe) (SGB Enhanced)
673C815D	Animaniacs (USA) (SGB Enhanced)
675E1309	Lamborghini American Challenge (USA, Europe)
6765B61B	Hook (USA)
6775CCD6	Race Drivin' (USA, Europe)
679B6530	Tesserae (Europe) (En,Fr,De,Es,It)
67A45D19	Chase H.Q. (USA, Europe)
67E5A203	Minolta 2481 Adj. Program (USA)
6819CF0D	Simpsons, The - Bart vs. the Juggernauts (USA, Europe)
68801328	My Husband is a WITCH (World) (v1.1)
69292EE6	Samurai Shodown (USA, Europe) (SGB Enhanced)
6977C265	Castlevania - The Adventure (Europe)
69B161BC	Ghostbusters II (Japan) (En)
69BFAC8C	Pull of the Void (World)
69E26EB6	Woolball's Backyard (World)
6A3272B1	World Cup 98 (USA, Europe) (SGB Enhanced)
6A6ECFEC	Arcade Classic No. 3 - Galaga & Galaxian (USA) (SGB Enhanced)
6A702C32	Desert Strike - Return to the Gulf (USA) (SGB Enhanced)
6A98AC61	Finders Keepers (World)
6AFEE818	Ciao Nonna (World) (v2.0)
6B09508F	Game Boy Gallery 2 (Australia) (SGB Enhanced)
6B17ABE5	High Stakes Gambling (USA)
6B497842	Super Black Bass (USA)
6C292739	Arcade Classics - Super Breakout & Battlezone (USA, Europe) (SGB Enhanced)
6C3501DF	Minolta 2476 Adj. Program (USA)
6C41D3CD	Batman - The Video Game (World)
6C57E55E	Porklike (World) (v1.0.3)
6C742478	Dig Dug (USA)
6CB73DC7	Super Star Wars - Return of the Jedi (USA, Europe) (SGB Enhanced)
6CFB4669	Final Fantasy XI Adventure (World)
6D347812	Rampart (USA, Europe)
6D40E5A2	Spy vs Spy - Operation Boobytrap (USA)
6DA713E3	Pinball Dreams (USA, Europe)
6DC1BB2C	Super James Pond (Europe)
6DEB1F06	Flash, The (USA, Europe)
6E4F1EB3	Maru's Mission (USA)
6E659690	Football International (Europe)
6E6CE1BB	Footballer of the Year (World) (v1.1)
6E76EF25	Neko Can Dream (World) (En)
6E7BB436	Yogi Bear's Gold Rush (Europe)
6E97C837	Counting Sheep (World)
6ED10383	Golf (World)
6EDF07E5	Mouse Trap Hotel (USA)
6EE7CA79	Spanky's Quest (USA)
6EEA2526	Baseball (World)
6F2C0376	Yu-Gi-Oh! Duel Monsters (World) (Early Days Collection) (SGB Enhanced)
6F30A43A	Maui Mallard in Cold Shadow (USA)
6F36B6ED	Toy Story (USA) (Rev 1) (SGB Enhanced)
6F87B543	Soccer Mania (USA)
6FF72043	PGA Tour 96 (USA, Europe) (SGB Enhanced)
701CCDB3	Solomon's Club (Europe)
70C8C799	Boggle Plus (USA)
70E5ED99	Spud's Adventure (USA)
70F9AF24	Jumpy (World)
711179D9	Minolta 2166 Adj. Program (USA)
71B8EA17	Dragon Ball Z 3 (USA) (SGB Enhanced)
71CF43CE	Bill Elliott's NASCAR Fast Tracks (USA)
7202E973	Q Billion (USA)
7209370D	Snaky Pocket (World)
72462125	Wild Snake (USA) (SGB Enhanced)
72660774	Klax (USA) (Mindscape)
7296DA69	G-Man (World)
729C2E40	Popeye 2 (USA)
72AF2952	Squirrel Falls (World) (v1.7)
72E6D21D	Mega Man V (USA) (SGB Enhanced)
735B29E2	Spirou (Europe) (En,Fr,De,Es) (SGB Enhanced)
73868683	Dash (World)
73C994A0	Dragon's Lair (Japan) (En)
740E9BC8	4 in 1 (Europe) (4B-008, Sachen)
74AA5E0F	Hugo (Europe) (SGB Enhanced)
74B3EC78	Genesis (World)
74D466D7	Serpent (USA)
74ECD4BF	Minolta 2162 Adj. Program (USA) (Alt)
75336712	Yoshi's Cookie (USA, Europe)
754496BB	InfoGenius Productivity Pak - Spell Checker and Calculator (USA)
75F4B99E	Conefuse (World) (Rev 1)
7635F28B	Hatris (Japan, USA) (En)
763ABABB	Jungle Strike (Europe)
76AB9719	Yelu Wangzi (Prince Yeh Rude) (Taiwan) (En)
76AE62C8	Swamp Thing (USA, Europe)
76F0FF74	Minolta SLR Data Copy (USA)
76F67428	Spot - The Cool Adventure (USA)
7704671F	Quick Draw (World)
77083AE0	Foreman for Real (USA, Europe)
7714E96E	Into the Blue (World)
77C3AA0B	World Circuit Series (USA)
783066CF	Adventure Island II - Aliens in Paradise (USA, Europe)
78830DAF	Head On (Japan) (En)
78B901D5	Teenage Mutant Ninja Turtles II - Back from the Sewers (USA) (Cowabunga Collection, The)
78BF3633	Caesars Palace (Europe) (En,Fr,De,Es,It)
7960F33F	Super R.C. Pro-Am (USA, Europe)
79804305	Pinball - Revenge of the 'Gator (USA, Europe)
798D9489	Looney Tunes Series - Daffy Duck (Japan) (En) (SGB Enhanced)
799E4AE8	Star Wars - The Empire Strikes Back (World) (Limited Run Games)
79A7A06C	Dog's Muck Island (World)
7A0622E6	Shock Lobster (World)
7A38B5C3	Dragon's Lair - The Legend (USA)
7A7D820F	Tintin in Tibet (Europe) (En,Es,It,Sv) (SGB Enhanced)
7A8CDBE8	Jungle Strike (USA)
7A9359EA	Minolta 2440 Adj. Program (USA)
7AA4E0BB	Simpsons, The - Bart no Jack to Mame no Ki (Japan) (En)
7AAA853A	Porklike (World) (v1.0.9) (SGB Enhanced)
7AD90B4B	Kirby's Block Ball (USA, Europe) (SGB Enhanced)
7B217082	Battletoads-Double Dragon (Europe)
7B23E05C	Animaniacs (Europe) (SGB Enhanced)
7B5DC3E4	Track Meet (USA, Europe)
7B5E19CA	Bill & Ted's Excellent Portable Adventure - A Bogus Journey! (World) (Retro Collection)
7B822D8F	Mickey's Dangerous Chase (USA)
7BE5A73F	Tetris Blast (USA, Europe) (SGB Enhanced)
7BF40D7D	Sneaky Snakes (USA, Europe)
7BFD1CFF	Chikyuu Kaihou Gun ZAS (Japan) (En)
7C787BC4	Battle Pingpong (Japan) (En)
7D1B6CD6	Legend of Zelda, The - Link's Awakening (USA, Europe) (Rev 1)
7D527D62	Pokemon - Yellow Version - Special Pikachu Edition (USA, Europe) (CGB+SGB Enhanced)
7D5CC03A	Lemmings (Japan) (En)
7D7DEF64	PGA European Tour (USA, Europe) (SGB Enhanced)
7D890CD0	Faceball 2000 (USA)
7DA95971	Deadeus (World) (v1.3.8)
7DD0C878	G-ZERO (World) (v2.6)
7DE862FA	Metal Masters (World) (Limited Run Games)
7E054A88	Addams Family, The - Pugsley's Scavenger Hunt (USA, Europe)
7E3F6BBE	Star Wars (Europe)
7E4FEBDF	F-1 Race (World)
7E5429D3	Minolta 2463 Adj. Program (USA)
7E60046B	MIO - Memories in Orbit (World)
7E6598BB	Jelly Boy (Europe)
7E923846	Sword of Hope, The (USA)
7EB0CD32	Dennis the Menace (USA)
7EC795FA	T2 - The Arcade Game (Japan) (En)
7ED43FE6	Shaq Fu (USA) (SGB Enhanced)
7EDB78AB	Bo Jackson - Two Games in One (USA)
7F0CD87C	WWF King of the Ring (USA, Europe)
7F0F5762	Space Invaders (USA) (SGB Enhanced)
7F545B40	Pop Up (Europe)
7F62456B	George Foreman's KO Boxing (USA, Europe)
7FBE9FB7	Breakout Lava-Lamp (World)
7FF79DF9	Pac-In-Time (Europe) (Rev 1) (SGB Enhanced)
7FFC34EA	Battletoads in Ragnarok's World (Europe)
801F097B	Porklike (World) (v1.05) (SGB Enhanced)
8046148F	Final Fantasy Legend, The (USA)
80485FDA	InfoGenius Productivity Pak - Berlitz French Translator (USA, Europe)
8056344C	Kick Boxing, The (Japan) (En)
8090C9CC	Super Street Basketball 2 (Japan) (En) (SGB Enhanced)
80AC487E	In Your Face (USA)
80F62F9A	Prophecy - The Viking Child (USA)
810477A9	Opossum a la Mode (World)
813E588A	Small Town Emo (World)
814FA146	Titus the Fox (USA, Europe)
818A7DB7	Deadeus (World) (v1.1.0)
81DE6C13	McDonaldland (Europe)
8210A03F	David Crane's The Rescue of Princess Blobette (USA)
82150E4A	Chessmaster, The (Japan) (En)
8259AC54	Arcade Classic No. 1 - Asteroids & Missile Command (USA, Europe) (SGB Enhanced)
827F2BD5	Bounce (World) (v1.1)
829EA425	Wayne's World (USA)
82D4664C	Amazing Penguin (World) (Limited Run Games)
82F06E93	4 in 1 (Europe) (4B-001, Sachen-Commin)
83247308	Don't Call Me Mama But Yes I Am Your Mama (World) (v2.0)
8408FE48	Wheel of Fortune (USA)
843068FD	Bubble Ghost (USA, Europe)
84E6FB25	Teenage Mutant Ninja Turtles 2 (Japan) (En)
84EC7E22	A Fairy Without Wings (World) (v1.3.0)
85748525	Parodius (Europe)
85B98A77	Ishido - The Way of Stones (USA)
85D910B9	Trip World (Europe)
860EA816	Foreman for Real (Japan) (En)
86107477	Stop That Roach! (USA)
8641BA55	Casino FunPak (USA, Europe)
866AC302	Penguin Migrants (World) (v1.2)
868B57B2	Space Invaders (Japan) (En)
8690B691	Pac-In-Time (Europe) (SGB Enhanced)
86A1C549	Mighty Morphin Power Rangers - The Movie (USA, Europe) (SGB Enhanced)
874D0D6F	Bubble Ghost (Japan) (En)
87A9D605	Caesars Palace (USA) (Rev 1)
87B306B4	Sports Illustrated - Golf Classic (USA) (SGB Enhanced)
87D0637B	Ginga - Card & Puzzle Collection (Japan) (En,Ja)
87E018BE	Fidgetts, The (World) (En,Fr,De,Es,It,Nl,Sv) (Evercade)
88190730	Zen - Intergalactic Ninja (USA)
881AFD62	Tumble Pop (Japan) (En)
88219A49	BurgerTime Deluxe (World)
8875C8FE	Castlevania II - Belmont's Revenge (USA, Europe)
8885C7CD	NBA Live 96 (USA, Europe) (SGB Enhanced)
88A837A2	Madden 97 (USA) (SGB Enhanced)
88ACBC1A	Vampire Night Shift (World)
88EDC83D	Road Rash (USA, Europe)
88F8C991	Burning Paper (Japan) (En)
891B8F04	Space Invaders (Europe) (SGB Enhanced)
892EE36F	Solution, A (World) (v1.0.4)
892FC0AF	Kaisen Game - Radarmission (Japan) (En)
89625945	Urban Strike (USA, Europe) (SGB Enhanced)
896A30A8	Dennis (Europe)
896E76A2	World Bowling (USA)
8985031A	Slurpee Cycle (World)
8A3AAB31	Tumble Pop (USA, Europe)
8A456B61	Cel Story (World)
8A667058	Yuuto Ichika Makes Friends (World) (En,Ja)
8A7FB0E6	Brain Drain (Europe) (SGB Enhanced)
8ACED4A6	Phantom Air Mission (Europe)
8AE3F5ED	Double Dragon (World) (Evercade)
8B493B41	Alphamax (World)
8B5BCDE7	Smurfs, The (USA, Europe) (En,Fr,De) (Rev 1) (SGB Enhanced)
8B882745	Square Deal - The Game of Two-Dimensional Poker (USA)
8C5DEE4D	Sunsoft Grand Prix (Europe)
8CC87F60	Hugo (World)
8CF27C90	Legend of Zelda, The - Link's Awakening (USA, Europe)
8DC07C35	Kirby's Dream Land 2 (USA, Europe) (SGB Enhanced)
8DC0D46C	FIFA - Road to World Cup 98 (Europe) (Rev 1) (SGB Enhanced)
8DE1AE9C	Riddick Bowe Boxing (Europe)
8E5E5097	Final Fantasy Adventure (World) (Collection of Mana)
8ECE1C04	WWF Superstars 2 (USA, Europe)
8EE404CA	Paperboy 2 (USA, Europe)
8EF938C4	Smurfs Nightmare, The (Europe) (En,Fr,De,Es)
8EFC8434	Home Alone (USA, Europe)
8F244E86	Shock Lobster (World) (v1.3)
8F2BF517	Getaway, The - High Speed II (USA)
8FC3CA73	Lion King, The (Europe)
9014B3D8	Snow Brothers (Europe)
90776841	Super Mario Land (World)
90EB0929	Mortal Kombat (USA, Europe)
90F87D57	Gradius - The Interstellar Assault (USA)
91300898	Kirby's Star Stacker (USA, Europe) (SGB Enhanced)
91394BD8	Turn and Burn - The F-14 Dogfight Simulator (USA)
916E638D	Puzznic (Japan) (En)
9185E89E	QIX (World)
9189921A	Indiana Jones and the Last Crusade (USA, Europe)
91CC7412	Karpe Diem (World)
91FAA9B1	Footballer of the Year (World) (v1.0)
920202DC	Kingdom Crusade (USA)
927B57A1	Wario Blast Featuring Bomberman! (USA, Europe) (SGB Enhanced)
92C95F2D	Rubble Saver II (Japan) (En)
93041FCA	Smickeonn - The Game (World)
93174431	Olympic Skier (World)
93DF7F55	Fly O'Clock (World)
94757BE8	International Superstar Soccer (USA, Europe) (SGB Enhanced)
94C26CDF	Barbie - Game Girl (USA, Europe)
94E0AF9C	Pac-Attack (USA) (SGB Enhanced)
951B9907	Judge Dredd (Japan) (En)
95398DA5	4 in 1 (Europe) (4B-006, Sachen)
9541488B	Pineapple Kid (World)
956B603C	Vattle Giuce (Japan) (En)
956D9497	Death Planet (World)
956FA901	DiaMaze (World)
957AC437	Invasion From Spaaace! (World)
9677D157	Dynablaster (Europe)
96C24E13	Nintendo World Cup (USA, Europe)
96ECC1E0	Game & Watch Gallery (Europe) (SGB Enhanced)
974E712B	WCW - The Main Event (USA, Europe)
97561D80	Minolta 2420 Adj. Program2 (USA)
979ED154	Q Billion (Japan) (En)
97BD3E8F	Muhammad Ali Heavyweight Boxing (USA, Europe)
97FE7A94	Zagan Warrior (World)
9800BD49	Lemmings 2 - The Tribes (Europe)
98222A4A	Bourgogne Game Show 2022 (World)
983CAF46	Play Action Football (USA)
986BFD75	Kenzie's Birthday Dash (World)
987B621E	Monopoly (Europe) (En,Fr,De)
994A2EDD	Sam Mallard - The Case of the Missing Swan (World) (SGB Enhanced)
999C67D6	Humans, The (Europe) (En,Fr,De,Es,It)
99AE9D06	Universal Soldier (USA, Europe)
99B2FE79	Game & Watch Gallery (USA) (SGB Enhanced)
9A1E30B4	Side Pocket (World)
9A494AE6	Frank Thomas Big Hurt Baseball (USA, Europe)
9A84B6CF	Fist of the North Star (USA)
9B4BACAA	Perfect Blend (World) (v0.9)
9B5E6219	Tiny Toon Adventures - Babs' Big Break (USA, Europe)
9B7945EA	Agro Soar (Australia)
9B7EBF91	Jimmy Connors Tennis (USA, Europe)
9BB5BA03	Mercenary Force (USA, Europe)
9BD7F196	Joe & Mac - Caveman Ninja (Europe) (En,Fr,De,Es,It,Nl,Sv)
9BD8815E	Bomb Jack (Europe)
9C318C64	Magnetic Soccer (Europe)
9C4F03FD	Little Tales of Alexandria, The (World) (MBC3) (SGB Enhanced) (Batteryless)
9C54358D	Wario Land II (USA, Europe) (SGB Enhanced)
9C7D5E79	Choplifter II - Rescue & Survive (USA)
9CF64FB6	Super 69 in 1 (Europe)
9D00DA55	Cyraid (USA)
9D27F9DE	World Cup USA 94 (Japan) (En,Fr,De,Es,It,Nl,Pt,Sv)
9DA8595B	Roger Clemens' MVP Baseball (USA)
9E0667B9	Stargate (Japan) (En) (Possible Proto)
9E2BF649	Deadeus (World) (v1.2.5)
9E3B05C4	RoboCop Versus The Terminator (Europe)
9E3E3656	Dead Heat Scramble (USA)
9E3F86EE	Four of a Kind - A Short Horror Anthology (World)
9E6CDC96	Game & Watch Gallery (USA) (Rev 1) (SGB Enhanced)
9E7C919F	Ninja Twins (World) (Digital) (SGB Enhanced)
9F09AFE8	Hammerin' Harry (Europe)
9F2D11C6	Star Trek Generations - Beyond the Nexus (USA) (SGB Enhanced)
9F3245F3	Teenage Mutant Hero Turtles III - Radical Rescue (Europe)
9F759F25	Retroid (World)
9F7FDD53	Pokemon - Red Version (USA, Europe) (SGB Enhanced)
A00BB310	Christmas Carols (World)
A0645E8A	Double Dragon (Japan) (En)
A0B68136	Pitman (Japan) (En)
A0FFF8E7	Star Wars - The Empire Strikes Back (USA)
A1122FC0	Mr. Do! (USA)
A12BCD2E	Bonesy aka Farewell (World)
A14DFFEF	Star Catcher (World)
A1813CD5	Mystical Ninja Starring Goemon (Europe) (SGB Enhanced)
A193C0D0	Cool World (USA, Europe)
A19ACDB6	Donkey Kong Land III (USA, Europe) (Rev 1) (SGB Enhanced)
A1A3F786	Game Boy Camera Gold (USA) (SGB Enhanced)
A1E55DC2	Bionic Battler (USA)
A1E76A33	Jeep Jamboree - Off-Road Adventure (USA)
A26345B8	Little Tales of Alexandria, The (World) (MBC5) (SGB Enhanced) (Batteryless)
A269559F	Super Street Basketball (Japan) (En)
A2894581	World Beach Volley - 1991 GB Cup (Japan) (En)
A2A6A863	Pro Action Replay (Europe)
A2F30B4B	Flipull (USA)
A308B86B	Dick Tracy (USA)
A3164516	Bubsy II (Europe)
A33C4FFF	Tasmania Story (USA)
A37A814A	BattleCity (Japan) (En)
A396BE57	Pri Pri - Primitive Princess! (World) (Evercade)
A39B3A5A	Laser Squad Alter (World)
A3D5C8D7	Lucle (Japan, Europe) (En)
A3E9B148	King of Fighters '95, The (Europe) (SGB Enhanced)
A5006140	ever - Lucid Space Program (World)
A549A572	College Slam (USA)
A5F649F8	Rod Land (World) (Retro-Bit)
A653F726	Super Hard Bouncer (World) (v1.1)
A6595506	Wave Race (USA, Europe)
A662A8EF	Looney Tunes (USA, Europe)
A6DADB1E	Golf Classic (Europe) (SGB Enhanced)
A6E685DC	Legend of the River King GB (USA) (SGB Enhanced)
A727F9CD	Battletoads-Double Dragon (USA)
A7A5D9C2	Operation C (World) (Contra Anniversary Collection)
A7BDFEC8	Ferrari (Japan) (En)
A7CDBB96	Bonk's Adventure (USA)
A8301BDD	Dead Heat Scramble (Japan) (En)
A8541ED0	Pushingo (World)
A86BD81B	Yogi Bear's Gold Rush (USA)
A8FB0D7A	Little Tales of Alexandria, The - Mr Meows Dance Party! (World) (MBC5) (SGB Enhanced)
A973E604	Bugs Bunny Crazy Castle 2, The (USA)
A9B982BD	Genesis II (World)
A9BA7875	Fastest Lap (USA)
A9D405D6	Sushi Gun (World)
AA133439	Cliffhanger (USA, Europe)
AA1618C6	Brain Bender (World) (Evercade)
AA4A1EDB	Tetris 2 (USA)
AABE61BB	F1 Pole Position (USA, Europe)
AAEBD509	Pac-Panic (Japan) (En) (SGB Enhanced)
AB65B738	Impossible Gameboy (World)
AB83BD70	F-1 Race (World) (Rev 1)
ABA1DAC9	Cool Spot (USA)
ABCEA00D	Mega Man IV (USA)
ABEF175B	Pyramids of Ra (USA)
ABF9B517	Monster Truck (Japan) (En)
AC1FB27A	Skate or Die - Bad 'N Rad (Europe)
AC5B062D	Nemesis II (Japan) (En)
AC6483DC	DuckTales (Europe)
AC64F965	Minolta 2181 Adj. Program (USA)
AC793B54	Killer Instinct (USA, Europe) (SGB Enhanced)
AD9B300C	Bubble Bobble (Japan) (En)
AD9C17FB	Castlevania Legends (USA, Europe) (SGB Enhanced)
ADB66EFF	Blues Brothers, The (USA, Europe)
ADB96150	Catrap (USA)
ADBC4E0A	WWF Superstars (USA, Europe)
ADFF7BBD	Hudson Hawk (USA)
AE07C093	Little Tales of Alexandria, The - Mr Meows Dance Party! (World) (MBC5) (SGB Enhanced) (Batteryless)
AE13E227	Zool - Ninja of the 'Nth' Dimension (Europe)
AE97F4F8	Phobos Dere .GB (World)
AEEEFB31	Chain Break (World)
AF1AE123	Beavis and Butt-head (USA, Europe)
AF3D2E95	Jurassic Park Part 2 - The Chaos Continues (USA, Europe) (En,Fr,De,It)
AF4A5DE1	FIFA Soccer 96 (USA, Europe) (En,Fr,De,Es) (SGB Enhanced)
AF58A3B0	Guns&Riders (World)
AF6BDC50	Aladdin (USA) (SGB Enhanced)
AFC6A949	Power Racer (USA)
AFD8C47C	Kaisen Game - Navyblue (Japan) (En)
AFF0B159	Brain Drain (USA) (SGB Enhanced)
B0074ACB	Game of Harmony, The (USA)
B0109545	Q-bert for Game Boy (USA, Europe)
B01DA1AE	Star Wars (USA)
B06036A9	Machine, The (World)
B07A2745	Splitz - Nigaoe 15 Game (Japan) (En)
B0C3361B	Battletoads (USA, Europe)
B0D53211	Gun Law (World)
B14C3B31	Arcade Classic No. 2 - Centipede & Millipede (USA, Europe) (SGB Enhanced)
B151509D	DuckTales 2 (USA)
B1A7A008	Earthworm Jim (Europe)
B1A8DFD0	Mortal Kombat & Mortal Kombat II (Japan) (En)
B1D79C80	Parasol Islands (World)
B1FD41D0	Asterix & Obelix (Europe) (En,Es) (SGB Enhanced)
B20280E6	Best of the Best - Championship Karate (USA)
B2B72056	Gear Works (USA, Europe)
B2CBF20F	Prince of Persia (Europe) (En,Fr,De,Es,It)
B338DAE7	Nemesis (Japan) (En)
B350BEDF	Jurassic Park (USA)
B3A86164	Hyper Lode Runner (World) (Rev 1)
B3FD3E36	Fidgetts, The (USA, Europe) (En,Fr,De,Es,It,Nl,Sv)
B40C159C	Donkey Kong Land III (USA, Europe) (SGB Enhanced)
B4245CA3	Buster Bros. (USA)
B4955889	Klax (Japan) (En) (Hudson Soft)
B4EAB528	Art School Pocket (World) (En)
B5090E43	Probotector 2 (Europe) (SGB Enhanced)
B533C6D7	Bloxorz (World)
B5B38860	Attack of the Killer Tomatoes (USA, Europe)
B5B3F85B	Boulder Dash (Japan) (En)
B64D27EE	Jungle Book, The (USA, Europe)
B651BF5D	Brain Bender (Europe)
B681E243	Pac-Man (USA)
B6A19823	The Light, The Fire (World)
B6B51FCE	Daedalian Opus (USA)
B6CFEA8D	Porklike (World) (v1.0.14)
B700F7F7	Desert Strike - Return to the Gulf (Europe) (SGB Enhanced)
B749A927	Elevator Action (USA, Europe)
B76C769B	Tetris Attack (USA, Europe) (SGB Enhanced)
B7F5CED2	Chikyuu Kaihou Gun ZAS (World) (ModRetro Chromatic)
B864A3B6	Saigo no Nindou (Japan) (En)
B86EF7A5	Gargoyle's Quest (Europe) (Rev 1)
B8CFAB16	Blockade (World)
B8FE9077	Bomber King - Scenario 2 (Japan) (En)
B93138FA	Who Framed Roger Rabbit (USA)
B94724E6	Bust-A-Move 2 - Arcade Edition (USA, Europe)
B9725E66	Marble Madness (USA, Europe)
B9AB5319	Race Days (Europe)
B9D11656	Judge Dredd (USA, Europe)
BA091B91	Sea Battle (Europe) (En,Fr,De,Es)
BA3CFEAE	Leak, The (World)
BA65812A	Cherry Rescue! (World)
BAB8B727	Bataille Navale (France) (En,Fr,De,Es)
BABE7935	Swaplatformer (World)
BADC7CEE	Sumo Fighter (USA)
BB473D7A	Bug Bites! (World)
BC491C4B	Game Genie (USA) (v2.1)
BCABD2D2	NHL Hockey 95 (USA, Europe) (SGB Enhanced)
BCC18E24	Shadow Warriors (Europe)
BCE5DFB7	Ring Rage (USA)
BD022658	Sensible Soccer - European Champions (Europe)
BD28BA07	Castlevania II - Belmont's Revenge (USA, Europe) (Castlevania Anniversary Collection)
BD31EEF8	Gunship (World)
BE197F87	Out on a Limb (World)
BE51A876	Soccer (Japan) (En)
BE7E4454	If (World)
BE81BD61	Olympic Summer Games (USA, Europe) (SGB Enhanced)
BE975B4F	Darkwing Duck (Europe)
BEAD8AE4	Elevator Action (Japan) (En)
BF6866DC	Metal Masters (USA)
BF922249	Binding of Isaac, The - Game Boy Edition (World)
BF9C65FB	Mortal Kombat 3 (USA, Europe)
BFAEADD0	Mortal Kombat II (USA, Europe)
BFB112AD	Quarth (USA, Europe)
BFB1563E	Wizard of Wor (World)
BFCF71A1	Mulan (USA) (SGB Enhanced)
BFD65534	InfoGenius Systems - Personal Organizer with Phone Book (Europe)
BFD87AA4	Funny Field (Japan) (En)
C0049D77	After Burst (Japan) (En)
C07ED722	Popeye 2 (Europe)
C08E9756	Boxxle II (USA, Europe)
C09CEE99	Boxxle (USA, Europe) (Rev 1)
C0EF39F0	Track & Field (USA, Europe)
C0F675FC	Just Fishing (World)
C16D4DB2	Konamic Golf (Japan) (En)
C170A732	Addams Family, The (USA)
C17A002E	Othello (Japan) (En)
C1F88833	Asteroids (USA, Europe)
C27C0289	NBA All-Star Challenge 2 (USA, Europe)
C28EF062	B.C. Kid 2 (Europe) (SGB Enhanced)
C294AA21	4 in 1 (Taiwan) (En,Zh) (4B-003, Sachen-Commin)
C29F0D35	Bork Paw Kisses (World)
C2DBD1AA	Tom and Jerry - Frantic Antics! (USA, Europe)
C2E7BE35	Red October o Oe! (Japan) (En)
C2F50FB3	Tarzan - Lord of the Jungle (USA, Europe)
C2FD6244	Batman Forever (Japan) (En)
C35A3B39	Astro-Jump (World)
C35AD128	Parasol Stars - Rainbow Islands II (Europe)
C364D55F	Hyper Black Bass (Japan) (En,Ja)
C36B199B	Soccer (Europe, Australia) (En,Fr,De) (SGB Enhanced)
C3C89CD9	Robby's Day Out (World)
C3E62A35	Nemesis II - The Return of the Hero (Europe)
C3FD371C	Mad Monster (World)
C449FBBF	Ultima - Runes of Virtue II (USA)
C44A0F1E	Ultima - Runes of Virtue (USA)
C46BBD49	Fire Fighter (Europe)
C4720897	Atomic Punk (USA)
C47671F3	Daffy Duck (USA, Europe) (SGB Enhanced)
C4CBF6B1	Great Greed (USA)
C5204156	Prehistorik Man (USA, Europe)
C53EBFBD	Ninja Taro (USA)
C5951D9E	Chuck Rock (USA, Europe)
C5ACCE7C	Tail 'Gator (USA, Europe)
C5C7868D	Tiny Toon Adventures 2 - Montana's Movie Madness (USA, Europe)
C60D032A	Mighty Morphin Power Rangers (USA, Europe) (SGB Enhanced)
C68E751A	Jane in the Jungle (World)
C69A19F6	4 in 1 (Europe) (4B-004, Sachen-Commin)
C6ECA93A	Anctrayl (World)
C762B783	Captain America and the Avengers (USA)
C77E316F	Tesserae (USA)
C7838830	NFL Quarterback Club (USA, Europe)
C7ECAC73	Heart Knight (World)
C7FFC203	New Chessmaster, The (USA, Europe)
C811560B	We're Back! - A Dinosaur's Story (USA, Europe)
C85947EF	Tower of Hanoi (World) (v1.1)
C873F232	Sloth Story (World)
C8750C01	Linea, La (World)
C8BE05D8	Vegas Stakes (USA, Europe) (SGB Enhanced)
C8E578BF	Batman - The Animated Series (USA, Europe)
C90C5456	Jordan vs Bird - One on One (USA, Europe)
C95D927B	Primal Rage (USA, Europe)
C9ACC4F4	Probotector (Europe)
C9BE96D3	Pagemaster, The (Europe) (SGB Enhanced)
CA12D752	WWF Superstars 2 (Japan) (En)
CA3BC3CE	James Bond 007 (USA, Europe) (SGB Enhanced)
CA436939	InfoGenius Productivity Pak - Personal Organizer and Phone Book (USA)
CA450E93	Battle of Olympus, The (Europe) (En,Fr,De,Es,It)
CA836E6D	Tom to Jerry (Japan) (En)
CAF5B372	Franky, Joe & Dirk - On the Tiles (Europe) (En,Fr,De,Es,It,Nl)
CB2C7198	Smurfs Travel the World, The (Europe) (En,Fr,De,Es)
CB3A9AB8	Mission Mars (World)
CBB2F22C	Spider-Man 3 - Invasion of the Spider-Slayers (USA, Europe)
CBDEC393	Treasure Island (World)
CBED3DD6	What Friends Are For (World)
CC38CF0D	Jetsons, The - Robot Panic (USA, Europe) (Rev 1)
CC67A046	Contra (World) (Contra Anniversary Collection)
CC971C0F	GameBoy WORDLE (World)
CD3DF0C1	Jeopardy! - Teen Tournament (USA) (SGB Enhanced)
CD622B15	Minolta 2468 Adj. Program (USA)
CD99B998	Smickeonn 2 - The Game (World)
CDE6DE15	Contra (Japan) (En)
CDF6A5AC	FIFA - Road to World Cup 98 (Europe) (SGB Enhanced)
CDFA71E5	Pagemaster, The (USA) (SGB Enhanced)
CDFF161F	Smurfs, The (Europe) (En,Fr,De,Es)
CE316C68	Battletoads in Ragnarok's World (USA)
CE34CCA4	Battle Arena Toshinden (Europe) (SGB Enhanced)
CE36E36E	Altered Space - A 3-D Alien Adventure (Japan) (En)
CE58C63D	Pocahontas (USA, Europe) (SGB Enhanced)
CE707B9A	Panty Hunty (World) (v1.4)
CEA9622A	Solomon's Club (USA)
CED936F8	Migrain (Japan) (En)
CEE73C14	Auto Zone (World)
CF24506C	Teenage Mutant Hero Turtles II - Back from the Sewers (Europe)
CF2BA5F7	Avenging Spirit (USA, Europe)
CF84AC77	Mr. Do! (Europe)
CF8AEEE8	Power Racer (Europe)
CFB44D68	Do I Pass (World) (En) (v1.4)
CFC51717	Jabberwocky (World)
CFD74E34	Tecmo Bowl GB (Japan) (En)
D000A116	Panel Action Bingo (USA)
D03E59AA	Mr. Chin's Gourmet Paradise (USA)
D05F4C90	Card Game (Japan) (En)
D06B3F8A	Arcade Classic No. 3 - Galaga & Galaxian (Europe) (SGB Enhanced)
D07DB274	Pop'n TwinBee (Europe)
D07EEDEF	Heebie-GBs Halloween 2019 (World) (Album)
D0E0116F	Speedball 2 - Brutal Deluxe (Japan) (En) (Possible Proto)
D0ED199C	Busty Bunny the Bounty Babe (World) (v1.02)
D12AC4FE	Mega Man V (Europe) (SGB Enhanced)
D149652B	V-Rally - Championship Edition (Europe) (En,Fr,De)
D1718544	ASM 2016 Christmas Card (World) (Album)
D229AC62	A-mazing Tater (USA)
D2585BBB	Madden 95 (USA, Europe) (SGB Enhanced)
D29DDC91	TaleSpin (Europe)
D2D648C4	King of the Zoo (Europe)
D34287CC	Toy Story (USA) (SGB Enhanced)
D3741A3A	Ninja Gaiden Shadow (USA)
D37A2FDF	Bases Loaded (USA)
D3819A3B	Oni (World) (Digital)
D3904BE9	Tiny Toon Adventures - Wacky Sports (USA)
D409375B	Dr. Franken (USA)
D45A1DAA	Snow Brothers (USA)
D46CD738	Yvonne Goes to Carbonic (World) (v4.2)
D4B655EC	Balloon Kid (USA, Europe)
D4D1AEA2	Battle Bull (USA)
D4E57574	Mystic Quest (World) (Collection of Mana)
D516841D	Bubble Bobble (USA, Europe)
D51EE6D3	All-Star Baseball 99 (USA)
D577D8E0	Top Ranking Tennis (Europe)
D583BC4E	NFL Quarterback Club 96 (USA, Europe)
D5C3DA1D	Best of the Best - Championship Karate (Europe)
D5EC24E4	Super Mario Land 2 - 6 Golden Coins (USA, Europe)
D6166C62	Nyghtmare - Betrayed (World) (Alpha A)
D6BD0E6A	Dino's Offline Adventure (World)
D6DA8A1A	Pokemon - Blue Version (USA, Europe) (SGB Enhanced)
D6EEA31A	International Space-Ball (World)
D70CC276	Minolta 2205 Adj. Program (USA)
D70F1D25	Little Tales of Alexandria, The - Mr Meows Dance Party! (World) (MBC3) (SGB Enhanced) (Batteryless)
D731BDA2	Tiny Toon Adventures - Wacky Sports (Europe)
D7C517E5	Little Mermaid, The (USA)
D81C08FA	Incredible Crash Dummies, The (USA, Europe)
D88D5AB5	Baby T-Rex (World) (v1.1) (ModRetro Chromatic)
D8AD184A	Rewind Time (World)
D8B4AEA4	Pipe Dream (Japan) (En)
D8E5060F	Toy Story (Europe) (SGB Enhanced)
D925D15D	Star Trek Generations - Beyond the Nexus (Europe) (SGB Enhanced)
D969ED61	Bubblemania (World) (v0.7)
D9B24D21	GB Basketball (Japan) (En)
D9F901A9	Caesars Palace (USA)
DA27E798	Super Battletank (USA)
DA6053C3	Motocross Maniacs (Japan) (En)
DAA59C9C	Dangan GB (World)
DAB91C7A	Lock n' Chase (World)
DAFC3BFF	Tetris Plus (USA, Europe) (SGB Enhanced)
DB882EF2	Coat Man (World)
DBA81E98	Mega Memory Card (World)
DBEED84E	Who Framed Roger Rabbit (Europe)
DBF106D1	Small Soldiers (USA, Europe) (SGB Enhanced)
DBF1BD20	Tamagotchi (USA, Europe) (SGB Enhanced)
DCAB906C	FIFA Soccer 97 (USA, Europe) (SGB Enhanced)
DCCAEB60	Marzipan Beef Reverser (World) (v2.0)
DD19A9EC	Tom to Jerry Part 2 (Japan) (En)
DD7576D6	Ciao Nonna (World)
DDB147E5	Simpsons, The - Itchy & Scratchy - Miniature Golf Madness (USA, Europe)
DE383E73	TaleSpin (USA)
DE398678	Xenon 2 (USA, Europe)
DE459A47	Batman - Return of the Joker (Japan) (En)
DE660A82	Minolta 2085 Adj. Program (USA)
DEA8749D	Rig Attack (World)
DEE05370	Metroid II - Return of Samus (World)
DF50F477	Knight Quest (USA)
DF9DB013	NBA All-Star Challenge 2 (Japan) (En)
DFA3B28A	Aerostar (Japan) (En)
DFA5DA12	Malibu Beach Volleyball (USA)
DFEE8BCC	Mickey Mouse II (Japan) (En)
E032E502	StarHawk (Europe)
E045B886	Cool Ball (USA)
E0B8459C	TimberMan (World)
E0CF879B	Joshua & the Battle of Jericho (USA)
E0DC1323	Minolta 2429 Adj. Program (USA)
E0F23FC0	R-Type (USA, Europe)
E1592B83	Real Ghostbusters, The (USA)
E19F67D7	Ms. Pac-Man (Europe)
E1AD0B6F	Windows93 Adventure (World)
E1B202DB	Nigel Mansell's World Championship (Europe)
E2697678	Motocross Maniacs (Europe)
E285CF30	Mulan (Europe) (SGB Enhanced)
E2EBB406	Monty on the Run (World)
E30EF8AB	Power Mission (Japan) (En) (Rev 1)
E35CD748	Tail 'Gator (World) (Limited Run Games)
E37E1832	Indien dans la Ville, Un (Europe) (SGB Enhanced)
E3A78253	Cyber Dreamscape Battle-Deckers 2199 (World)
E3B59B7E	Fortified Zone (USA, Europe)
E435ED72	Lion King, The (World) (Disney Classic Games)
E43DA090	Sagaia (Japan) (En)
E43EFC6F	Solution, A (World) (v1.0.5)
E496F686	Mega Man II (USA)
E4988910	R-Type (Japan) (En)
E4AF8F75	Pac-Panic (Europe) (SGB Enhanced)
E4B30634	Casper (Europe)
E4F29760	Tecmo Bowl (USA)
E50D219E	Lunar Lancer (World)
E555C612	Bust-A-Move 3 DX (Europe)
E558AACD	Brain Drain (Japan) (En) (SGB Enhanced)
E56D1244	Adulting! (World) (v2.0)
E59049B2	Alien 3 (Japan) (En)
E5988949	Little Tales of Alexandria, The (World) (MBC3) (SGB Enhanced)
E5989908	FIFA International Soccer (USA, Europe) (En,Fr,De,Es) (SGB Enhanced)
E5A15EB1	Obelisk (World)
E5C8C2B1	Robin Hood - Prince of Thieves (USA)
E6607E29	Othello (Europe)
E67A10E1	Casper (USA)
E67A92B3	Battle Unit Zeoth (USA, Europe)
E6AABD72	Coucou (World)
E6F886E5	Super Mario Land 2 - 6 Golden Coins (USA, Europe) (Rev 1)
E72DB762	Mickey's Dangerous Chase (Europe)
E7A26B31	NIV Bible & the 20 Lost Levels of Joshua (USA)
E7A420F3	Elden Ring GB (World)
E7AC155B	Montezuma's Return! (Europe) (En,Fr,De,Es,It)
E81C9FB9	Blades of Steel (USA)
E84E051A	Final Fantasy Legend II (World) (Collection of SaGa)
E8AEA452	Rubble Saver (Japan) (En)
E8E430F1	Home Alone 2 - Lost in New York (USA, Europe)
E8E57B50	WordZap (USA)
E8F91F6A	Cave Fighter (World)
E9140A3B	Tuff (World)
E94A6942	Final Reverse (Japan) (En)
E957014F	Centipede (USA) (Majesco)
E9EF8136	Spanky's Quest (Europe)
E9F9016F	Blaster Master Jr. (Europe)
EA19A9D9	Tetris 2 (USA, Europe) (SGB Enhanced)
EA59C6E3	Toxic Crusaders (USA)
EA9615B4	Pang (Europe)
EAF523EC	Tip Off (Europe)
EB225E96	Mysterium (USA)
EBEDA9D2	Bung's Math Test (World)
EBF49AFB	Porklike (World) (v1.0.13)
EC67F1E6	Trip World (World) (Limited Run Games)
ECF1B801	Bakuretsu Senshi Warrior (Japan) (En)
ED12BE6C	Tobu Tobu Girl (World)
ED6771DB	Ferrari Grand Prix Challenge (USA, Europe)
ED8A73FB	Teenage Mutant Hero Turtles - Fall of the Foot Clan (Europe)
ED9882A9	Torpedo Range (USA)
EDAB3378	Donkey Kong (Japan, USA) (En) (SGB Enhanced)
EDC8D122	Pinball Mania (Europe)
EDEC63E6	True Lies (USA, Europe)
EDEEE5A8	Make Way (World)
EE28749D	Double Dribble - 5 on 5 (USA)
EEBDD360	CutThroat Island (USA, Europe)
EECB703C	NFL Quarterback Club '95 (Japan) (En)
EECFF7F3	Penguin Wars (USA)
EF02BEB6	Championship Pool (USA)
EF26A3DC	Small Town Emo (World)
EF3592CC	Batman Forever (USA, Europe)
EF54B46E	Zool - Ninja of the 'Nth' Dimension (USA)
EF735794	Shapeshifter, The (World)
EF7E9FA0	Boxing (Japan) (En)
EF9595AC	Bomber Boy (Japan) (En)
EFA345CD	Wishing Sarah (World) (v1.1)
EFFB960B	Alien 3 (USA, Europe)
F0225DD0	Dr. Mario (World) (Rev 1)
F0482567	Mickey Mouse - Magic Wands! (USA, Europe) (SGB Enhanced)
F056A911	Pinball Fantasies (USA, Europe)
F0D76D49	Sports Illustrated for Kids - The Ultimate Triple Dare! (USA)
F0F79077	Decline (World) (v1.1)
F1344B78	Bonk's Revenge (USA) (SGB Enhanced)
F13A60B8	Dr. Franken (Europe) (En,Fr,De,Es,It,Nl,Sv)
F1C0FB1D	Blues Brothers, The - Jukebox Adventure (Europe)
F1C81EB0	Contra - The Alien Wars (USA) (SGB Enhanced)
F25BA8BF	NBA All-Star Challenge (USA, Europe)
F27294B7	Kid Dracula (USA, Europe)
F2D1C19D	Lemmings (USA)
F2D652AD	Mario's Picross (USA, Europe) (SGB Enhanced)
F2D739E4	Castelian (USA)
F2F4BCCA	Yoshi (USA)
F315B842	Megalit (USA, Europe)
F327167E	Populous Gaiden (Japan) (En)
F372D175	Bomberman GB (USA, Europe) (SGB Enhanced)
F41CF2A7	Pixel Who - The Lost Legions (World)
F4310EB3	4 in 1 (Europe) (4B-005, Sachen-Commin)
F4F55D48	Conefuse (World)
F53F7F00	Felix the Cat (USA, Europe)
F54158A6	Elite Soccer (USA) (SGB Enhanced)
F59CEDEA	Pipe Dream (USA)
F6F681FA	Penguin Migrants (World) (v1.0)
F6FD275E	Aerostar (USA, Europe)
F7041A97	Purple Turtles (World)
F777A5D8	Donkey Kong (World) (Rev 1) (SGB Enhanced)
F7A961BA	Spiritual Warfare (USA)
F7BE0002	Blades of Steel (Europe)
F82D7223	RoboCop Versus The Terminator (USA)
F8405FF2	Beta Soul (World) (v1.1)
F867EE3B	Motocross Maniacs (Europe) (Rev 1)
F924BDB1	Druaga no Tou (Japan) (En)
F9373901	Minolta 2419 Adj. Program (USA)
F9AD0E12	Aqua (World) (v1.1)
FA136A45	Snow Bros. Jr. (World) (En) (Limited Run Games)
FA6DE2E4	Sheep It Up (World) (Digital)
FA955B39	Roger Clemens' MVP Baseball (USA) (Rev 1)
FAFB343C	Mystical Ninja Starring Goemon (USA) (SGB Enhanced)
FB22D72E	Monde Perdu, Le - Jurassic Park (France) (En) (SGB Enhanced)
FB5D24E0	Riddick Bowe Boxing (USA)
FB7F20FC	Box Head Husband (World)
FBB1F2A1	Brain Bender (USA)
FBC1B5E8	Farm, The (World)
FBC77225	8-in-1 (Taiwan) (En)
FBF98400	Rhythm Land (World) (v1.0.1)
FC50DEE7	Mickey Mouse (Europe)
FC970AEF	Double Dragon 3 - The Arcade Game (USA, Europe)
FCD61B98	Spot - The Video Game (USA)
FCFB4CE4	Street Racer (USA, Europe)
FD06E22D	Speedball 2 - Brutal Deluxe (USA, Europe)
FD1EE763	Celeste (World)
FD304687	Cosmic Courier - Trapped in Limbo (World)
FD3D5BA7	Ring Rage (Japan) (En)
FD90F0D6	Monopoly (USA)
FD9DC1AD	Madden 96 (USA, Europe) (SGB Enhanced)
FDEFA88D	World Cup Striker (Japan) (En)
FDF91172	Heebie-GBs Halloween 2014 (World) (Album)
FE4F80B7	Godzilla (USA, Europe)
FEED93E0	Song of Morus - Ghostly Night (World)
FEF62DA5	Battleship (USA, Europe)
FF858DA9	Darkman (USA, Europe)
FFB432B9	Illuminated (World)
FFD4A9E3	Fidgetts, The (Japan) (En)
