001F4754	NBA 3 on 3 Featuring Kobe Bryant (USA) (SGB Enhanced) (GB Compatible)
00A14D18	TNN Outdoors Fishing Champ (USA) (SGB Enhanced) (GB Compatible)
017773CD	Top Gear Rally 2 (Europe)
01F1FCEE	Digimon Adventure 2001 (USA)
025AA88A	Dragon Ball Z - Legendary Super Warriors (USA)
025F305D	Gex 3 - Deep Cover Gecko (Europe) (En,Fr,De,Es,It)
02BB005E	Smickeonn - The Game Deluxe (World) (GB Compatible)
02C1035A	Tomb Raider - Curse of the Sword (USA, Europe)
031A82DC	Super Marrio Sunshine (Taiwan) (En)
03CE8D9A	Pokemon Pinball (USA, Australia) (Rumble Version) (SGB Enhanced) (GB Compatible)
0424CF43	Woody Woodpecker Racing (USA)
043A17B3	Megaman X4 (Taiwan) (En) (Rumble Version)
047BDF80	Wario Land II (USA, Europe) (SGB Enhanced) (GB Compatible)
04B0C5D6	Metal Gear Solid (USA)
04C8C858	Action Replay Online (Europe)
04FE7790	Cool Bricks (Europe) (En,Fr,De,Es,It)
050CAA5E	Expiration Date (World) (GB Compatible)
0510D601	Mario Tennis (Europe)
0518F5AA	Tiny Grasshopper Goes Away (World) (En,Hu) (v1.2) (GB Compatible)
053BC315	Gremlins - Unleashed (Europe) (En,Fr,De,Es,It,Pt)
05CC01FB	LEGO Stunt Rally (Europe) (En,Fr,De,Es,It,Nl,Pt,Sv,No,Da)
05D5D28F	Chromanoids (World) (v1.1)
0601BEF6	Perfect Dark (USA, Europe) (En,Fr,De,Es,It) (Rumble Version)
0602DBE1	Dragon Dance (USA) (SGB Enhanced) (GB Compatible)
0634C196	Full Time Soccer & Hang Time Basketball (Europe)
0639F43F	GB-Wordyl - Latin (World) (v1.0.3) (SGB Enhanced) (GB Compatible)
066A2196	Winnie the Pooh - Adventures in the 100 Acre Wood (USA)
06887A34	Legend of Zelda, The - Link's Awakening DX (USA, Europe) (Rev 2) (SGB Enhanced) (GB Compatible)
06C8E50A	Fort Boyard (Europe) (En,Fr,De,Es,It,Nl,Pt)
06EB7A01	Puzzle Master (USA) (GB Compatible)
07354EC8	Super Dassalo Land (World) (v1.1)
0777B8D7	Microsoft - The 6 in 1 Puzzle Collection Entertainment Pack (USA)
0795DE60	Capybara Quest (World) (v1.0) (GB Compatible)
07A13B5B	Donald Duck - Quack Attack (Europe) (En,Fr,De,Es,It)
086106DE	E.T. - The Extra-Terrestrial - Escape from Planet Earth (USA)
08906220	Harvest Moon 2 GBC (USA) (SGB Enhanced) (GB Compatible)
08B37AD8	Dicee! (World) (v1.1) (GB Compatible)
08B9E4AA	Flipper & Lopaka (Europe) (En,Fr,De,Es,It,Nl,Pt,Sv,No,Da)
08E3D065	Doug's Big Game (USA)
090C7DAC	NFL Blitz 2000 (USA)
09196A32	Ravenia (World) (GB Compatible)
096D0C27	Toonsylvania (USA)
099D6555	Catz (Europe)
09DAA18D	Wacky Painter (World)
09EE93A8	Barbie - Fashion Pack Games (USA, Europe) (GB Compatible)
0A0F9289	Toki Tori (USA, Europe) (En,Ja,Fr,De,Es)
0A109F13	LEGO Racers (Europe) (En,Fr,De,Es,It,Nl,Pt,Sv,No,Da)
0A421839	Magical Tetris Challenge (Europe) (En,Fr,De,Es,It,Nl,Sv)
0A504426	4 in 1 + 8 in 1 (World) (4B-007, 4B-008, 8B-004, Sachen)
0AA8D0CC	Dinosaur (Europe) (En,Fr,De,Es,It)
0AD5B775	Pocket Smash Out & Race Time (Europe)
0AF32BAA	Mission - Impossible (Europe) (En,Fr,De,Es,It)
0B7FC436	OutRun GB (World)
0BC7A3C6	Beast Fighter (Taiwan) (En) (Sachen)
0BCBE728	Digimon 02 5 (USA)
0C22466D	2003 King Lion Advance III (USA)
0C347734	Vixen (World)
0CE45101	Tynesoft Commodore 16 Classics II (World)
0D1BB2F7	Agency (World)
0D464785	Bitterroot (World) (En) (GB Compatible)
0D60B100	Atop the Witch's Tower (World) (v1.1) (GB Compatible)
0DB301C2	Pact, The (World) (GB Showdown)
0DFD765F	Gunslinger (World)
0E1465CB	Wild Thornberrys, The - Rambler (USA)
0E697582	Star Wars Episode I - Obi-Wan's Adventures (USA)
0EBC5758	Star Wars Episode I - Racer (USA, Europe) (Rumble Version)
0F02D708	Microsoft - The Best of Entertainment Pack (Europe)
0F69F574	No Fear - Downhill Mountain Biking (Europe)
0F7264BA	Suzuki Alstare Extreme Racing (Europe) (En,Fr,De,Es,It,Nl)
0FAFA3F2	Jim Henson's Muppets (Europe) (En,Fr,De,Es,It,Nl,Sv)
0FD51F93	Bubble Frog (World) (GB Compatible)
0FD9C59C	Dragon Warrior III (USA)
0FDD5B9E	Test Drive Off-Road 3 (USA) (Rumble Version) (SGB Enhanced) (GB Compatible)
0FF2779C	Chumbles Bumbles (World) (v1.2) (GB Compatible)
103E212D	Ms. Pac-Man - Special Color Edition (USA) (SGB Enhanced) (GB Compatible)
107D734B	NFL Blitz (USA, Europe) (Rev 1) (GB Compatible)
10854C85	Capybara Quest (World) (v1.1) (GB Compatible)
10DBDE7C	Roland Garros French Open (Europe) (En,Fr,De,Es,It,Nl)
10DED9AB	Berks (World)
11025EEB	Road Rash (USA, Europe)
11763934	Mickey's Speedway USA (USA, Europe) (En,Fr,De,Es)
11B4788C	Marvin Strikes Back! (USA) (En,Fr,Es)
11FB5617	Looney Tunes - Carrot Crazy (USA) (En,Fr,Es) (GB Compatible)
1226499E	Action Man - Search for Base X (USA, Europe)
1271117F	Hamtaro - Ham-Hams Unite! (USA)
1292ECFB	Mount Vesuvius (World)
129465DB	Xtreme Wheels (USA)
12E00808	International Karate 2000 (Europe)
12F0C196	Catwoman (USA)
12FC1A6E	X-Men - Wolverine's Rage (USA)
1310D9A0	Cairn (World) (v1.4.4) (Batteryless) (GB Compatible)
1312B3F7	V-Rally - Championship Edition (Europe) (En,Fr,De,Es)
13691CEB	Test Drive 6 (Europe) (En,Fr,De,Es,It) (GB Compatible)
136E9D0C	Harry Potter and the Chamber of Secrets (USA, Europe) (En,Fr,De,Es,It,Nl,Pt,Sv,Da)
137D7B45	Dragon Tales - Dragon Wings (Europe)
13AD07B1	Centipede (USA) (GB Compatible)
142B6EFB	Maya the Bee - Garden Adventures (Europe) (En,Fr,De,Es)
14355371	Koudai Guaishou - Dongzuo Pian (Taiwan) (En)
149A2951	Cuthbert Enters the Tombs of Doom (World)
14D1ADBE	Golden Goal (Germany) (En,Fr,De,Es,It,Nl,Sv) (GB Compatible)
14D8CC5D	Flintstones, The - Burgertime in Bedrock (USA)
15430979	Carl Lewis Athletics 2000 (Europe) (En,Fr,De,Es,It,Nl)
154CB547	Phantom Fright (World) (GB Compatible)
154CC020	Fire Ant (World)
15A06686	Snake Xenzia (World) (GB Compatible)
15B44D68	Puzzled (Europe) (En,Fr,De)
160CA990	Harvest Moon 2 GBC (Europe) (SGB Enhanced) (GB Compatible)
160E9E3C	Madden NFL 2001 (USA)
16297B29	Binary Monster 2 (Taiwan) (En)
16650A8B	Tobu Tobu Girl Deluxe (World) (GB Compatible)
16796957	Metal Gear Solid (Europe) (En,Fr,De,Es,It)
17635AD1	Rats! (USA) (En,Es) (GB Compatible)
1766E558	3-D Ultra Pinball - Thrillride (USA) (Rumble Version)
177F0B6E	Midterm Moments (World) (GB Compatible)
17D27FA9	Motocross Maniacs 2 (USA)
17E51443	Saban's Power Rangers - Time Force (USA, Europe)
18216E26	Missile Command (Europe)
1833FB38	Sesame Street - Elmo's 123s (USA) (GB Compatible)
183DBB31	Monsters, Inc. (USA, Europe)
18522BA7	Outta Time (World)
188B06F8	Terrifying 911 (China) (En)
190702B3	Gedou Jian Shen KF (Taiwan) (En)
191D31EC	Dragon Tales - Dragon Wings (USA)
195DBC30	Skycon (World)
1972CBF7	Tootuff (Europe) (En,Fr,De,Es,It,Nl)
19828751	Xtreme Sports (USA)
1A0BF4D7	WDL - World Destruction League - Thunder Tanks (USA) (En,Fr,De)
1A369DD5	Donkey Kong 5 - The Journey of Over Time and Space (Taiwan) (En)
1A719EAD	Thunder Blast Man (Europe) (Sachen)
1AAB415D	Checkmate (Japan) (En,Ja) (GB Compatible)
1AC625DA	Game & Watch Gallery 3 (USA, Europe) (SGB Enhanced) (GB Compatible)
1AECD096	Snail DX, The (World) (GB Compatible)
1AF0B489	Inspector Gadget - Operation Madkactus (USA)
1B0034E8	Gift (Europe)
1B1C6F68	Gedou Jian Shen - Soul Falchion (Taiwan) (En)
1B49D07D	Le Mans 24 Hours (Europe) (En,Fr,De,Es,It)
1B5B9E64	Adulting! Soundtrack (World) (GB Compatible)
1B5BEF4B	Pokemon Diamond (Taiwan) (En)
1B76D115	International Superstar Soccer 99 (Europe) (SGB Enhanced) (GB Compatible)
1BA7D27F	Musical Notes (World)
1BFB531E	Pocket Music (Europe) (En,Fr,De,Es,It)
1BFC7099	2002 Adventure Digimon 7 (Taiwan) (En)
1BFE1BF9	Warp Coin Catastrophe, The (World) (GB Compatible)
1C13DBB0	Chessmaster (USA, Europe) (GB Compatible)
1C644040	Konami Winter Games (Europe)
1CBEA1AA	Three Lions (United Kingdom) (En,Fr,De,Es,It,Nl,Sv) (GB Compatible)
1D00E48D	High Noon (World)
1D871322	Sergio Kidd (World) (En,Es) (v1.995)
1D97B754	Tazz (World)
1DB0840C	Winnie the Pooh - Adventures in the 100 Acre Wood (Europe) (En,Fr,De,Es,It,Nl,Da)
1E64D19C	Ken Griffey Jr.'s Slugfest (USA)
1E71B67E	Dropzone (Europe) (GB Compatible)
1EF9FA6B	Shantae (World) (GBA Enhanced) (Switch)
1F5EC131	Roswell Conspiracies - Aliens, Myths & Legends (USA) (En,Fr,De)
1FC972CC	Barbie - Pet Rescue (USA)
1FD94E67	3D Quasars (World)
20158FBC	Sesame Street - Elmo's ABCs (Europe) (GB Compatible)
203F8727	Konami GB Collection Vol.1 (Europe) (GB Compatible)
20B86F1E	Rampage 2 - Universal Tour (USA, Europe)
20CEE2E8	Project S-11 (USA)
20FE84AF	Exploits of Fingers Malone, The (World)
21524051	31-in-1 Mighty Mix (Australia) (31B-001, Sachen)
2154763C	Elevator Action EX (Europe) (En,Fr,De,Es,It)
21826ADC	Dukes of Hazzard, The - Racing for Home (Europe) (En,Fr,De)
218B54EC	Ripjack (World) (GB Compatible)
21A4DA64	Pro Pool (Europe) (En,Fr,De)
2249B449	RunieStory (World)
22621803	Reservoir Rat (Europe) (En,Fr,De,Es,It) (GB Compatible)
2272BACA	Army Men 2 (USA, Europe) (En,Fr,De)
22802C30	Gopher (World)
22836942	2123 (World)
22952662	Looney Tunes Collector - Martian Revenge! (Europe) (En,Fr,De,Es,It,Nl)
22DEF6F9	Super JetPak DX (World) (GB Compatible)
234E1E9C	X-Men - Mutant Academy (USA, Europe) (Rev 1)
237ECEF9	Soccer Manager (Europe) (En,Fr,De,Es)
24846D65	Hype - The Time Quest (Europe) (En,Fr,De,Es,It,Nl,Sv,Da)
24B76CD0	Hugo - The Evil Mirror (Europe) (En,Fr,De,Es,It,Nl,Pt,Sv,No,Da,Fi)
250015D4	Rayman 2 Forever (Europe) (En,Fr,De,Es,It)
253DCBE0	Flooder (World)
2549FDDE	Game Boy Gallery 4 (Australia) (SGB Enhanced) (GB Compatible)
2556B00F	Porklike (World) (v1.0.13)
255DB8BE	Centipede (Europe) (En,Fr,De,Es,It,Nl) (GB Compatible)
255F67DE	Take Your Medicine (World) (En,Pt) (v1.0) (GB Compatible)
257D9201	Tamarindo's Freaking Dinner DX (World)
25BA9231	Grand Theft Auto (Europe) (En,Fr,De,Es,It) (GB Compatible)
260EED04	Trouballs (USA)
2611FA3D	Pro Pool (USA) (En,Fr,De)
2612F8C4	Woody Woodpecker (Europe) (En,Fr,De,Es,It)
2648CE84	Delia - The Traveling Witch (World) (v2.0) (SGB Enhanced) (GB Compatible)
26589B79	Pocket Bowling (Japan) (En) (GB Compatible)
26D3FE7A	Daisu-ki (World) (v1.2)
26F8E1A0	Cannon Fodder (USA) (En,Fr,De,Es,It)
270D45B9	Aardvark (World)
27310900	Little Nicky (USA)
2750FE8E	In the Dark 2 (World) (v1.5)
27632F4F	Jimmy White's Cueball (Europe)
276ECAAE	Dinosaur (USA)
27A53965	Hole in One Golf (USA) (Rumble Version) (SGB Enhanced) (GB Compatible)
27B87354	Gods of the Universe (World)
280937CC	Cat Boy's Stellar Journey (World) (GB Compatible)
28114B89	Where's My Cake (World) (GB Compatible)
283742E4	Dracula - Crazy Vampire (USA)
28453467	F1 World Grand Prix II for Game Boy Color (Japan) (En,Ja)
287AFC75	Hauntsfield (World) (GB Compatible)
28A3AB3A	Street Fighter Alpha - Warriors' Dreams (Europe)
28F7D5E3	Atlantis - The Lost Empire (Europe) (En,Es,It)
29320841	Star Hunt (World) (GB Compatible)
295B3646	Powerpuff Girls, The - Paint the Townsville Green (USA) (Rev 1)
2988FC78	Tomb Raider (USA, Europe) (En,Fr,De,Es,It)
29BB9238	Unearthed Zero (World) (2021 Jam Version) (GB Compatible)
2A073369	Godzilla - The Series (Europe) (En,Fr,De) (GB Compatible)
2A86D386	Auto Zone (World)
2B2D9868	Space Invasion (Europe)
2C055EF9	Octopus Stressus (World) (v1.1) (GB Compatible)
2C0D43A9	Spider-Man 3 - Movie Version (USA)
2C27C61F	Tony Hawk's Pro Skater 2 (USA, Europe)
2C3D5CBF	What's Updog (World) (GB Compatible)
2C4C2A5F	Sesame Street - The Adventures of Elmo in Grouchland (USA) (GB Compatible)
2C92AD12	Mask of Zorro, The (USA)
2CF48188	Sabrina - The Animated Series - Spooked! (USA, Europe)
2D12223C	Taiyaki Fabulous Museum of Fish (World) (v1.4.2) (SGB Enhanced) (GB Compatible)
2D2F9C2B	Blinky's Revenge (World)
2D9B59BF	Gunther the Monster and His Friends (World)
2DC3FDAE	Suicide Run (World) (GB Compatible)
2DCD0A0A	Force 21 (USA) (En,Fr,De)
2DD5907F	Blade (USA, Europe)
2DF6E230	Dave Mirra Freestyle BMX (USA, Europe)
2E1CA159	To The Stars (World) (GB Compatible)
2E61C391	Gobs of Games (USA) (En,Fr,De)
2E65DAAF	Earthworm Jim - Menace 2 the Galaxy (USA, Europe) (GB Compatible)
2E944775	Rox (USA, Europe) (GB Compatible)
2ED2487C	GPC Rally (World) (v1.1)
2EDC4684	20 Second Platformer, A (World) (v1.1) (GB Compatible)
2F7AEF51	Dracula - Crazy Vampire (Europe) (En,Fr,De,Es,It)
2F813033	G-ZERO World GP (World)
2F8AC081	Capcom Fight 2003 (Hong Kong) (En)
2F91E17C	Blaster Master - Enemy Below (USA, Europe) (SGB Enhanced) (GB Compatible)
2F9F19DE	Titus the Fox (Europe) (GB Compatible)
2FCECB70	BattleTanx (Europe) (En,Fr,De)
2FF706C0	Harry Potter II (USA)
3001ED1B	Pogo Pete (World)
300E03BA	GameShark MX (USA) (v1.02)
30204C4E	Cuthbert in the Cooler (World)
304DF19A	Pact, The (World)
308A4CCB	Games Frenzy (Europe) (En,Fr,De)
30E1E567	Power Quest (Europe) (En-US,En-GB,Fr,De,Es,It) (SGB Enhanced) (GB Compatible)
3199F65F	Alice in Wonderland (USA, Australia)
31A6B0FF	Take Your Medicine (World) (En,Pt) (v1.1) (GB Compatible)
31B6E3FA	Agent B (World) (GB Compatible)
3204B92C	Jim Henson's Muppets (Europe) (En,Fr,De,Es,It,Nl,Sv) (GB Compatible)
3207B7D9	Hang Time Basketball (Europe)
327EC81F	International Track & Field (Europe) (En,Fr,De,It) (SGB Enhanced) (GB Compatible)
32C87958	E.T. - The Extra-Terrestrial and the Cosmic Garden (USA)
32CAEF11	Robopon - Sun Version (USA) (SGB Enhanced) (GB Compatible)
32E2EA48	Ghost of the Arcade (World) (v1.3) (GB Compatible)
32EA3E07	OrmBlok (World)
32F24248	Laser Squad Alter (World)
33093C28	Super Donkey Kong 5 (Taiwan) (En) (Rumble Version) (Alt)
3358E30A	Pokemon - Crystal Version (USA, Europe) (Rev 1)
3374918B	Bubble Trouble (World)
337E5DD3	Top Gear Rally (Europe) (Rumble Version)
338E2CDA	Yu-Gi-Oh! - Dark Duel Stories (Europe)
3390B056	Inspector Gadget - Operation Madkactus (Europe) (En,Fr,De,Es,It,Nl)
34411753	Army Men (USA, Europe) (En,Fr,De)
345E20A4	Ready 2 Rumble Boxing (USA) (Rumble Version)
346561FB	VOX (World)
3485761A	O'Leary Manager 2000 (Europe) (En,Fr,De,Es,It,Nl,Ca)
3485EF86	Pac-Man - Special Color Edition (USA) (SGB Enhanced) (GB Compatible)
34C1A63A	Langrsr II (Taiwan) (En)
34C8A4A5	Super Bombliss DX (Japan) (En) (SGB Enhanced) (GB Compatible)
34E2B3BA	Spider-Man (USA, Europe)
351BA5EA	Caesars Palace II (USA, Europe)
35323432	Rugrats en Paris - La pelicula (Spain) (En,Es)
35AD9B5A	From Below Pocket (World)
35D3F216	Walfie's Nonograms (World) (v1.1.0) (GB Compatible)
35D6DDCC	Mary-Kate and Ashley - Winners Circle (USA, Europe)
35EC5FB2	Dragon Warrior Monsters 2 - Tara's Adventure (USA) (SGB Enhanced) (GB Compatible)
3611D0D8	Tasmanian Devil - Munching Madness (USA) (En,Fr,De,Es,It) (GB Compatible)
361B627F	GB-Wordyl - Latin (World) (v1.0.6) (SGB Enhanced) (GB Compatible)
3623EBB6	R-Type DX (Japan) (En) (GB Compatible)
362A84BA	Mountain Climber (World) (En,Es) (GB Compatible)
364F9CCD	Little Mermaid II, The - Pinball Frenzy (USA) (En,Fr,De,Es,It) (Rumble Version)
36536324	Thunderbirds (Europe) (En,Fr,De,Es,It)
367C802D	RunieStory (World) (Alt)
3684ABD0	Guzzler (World)
36E4FF4C	Unholy Friend (World) (GB Compatible)
3726858A	Monsters, Inc. (Europe) (Rev 1)
375C35E0	Player Manager 2001 (Europe) (En,Fr)
37E01BA6	Toki Tori - Ultimate Edition (World) (ModRetro Chromatic)
37EA6093	Wacky Races (Europe) (En,Fr,De,Es,It,Nl)
3800A387	Legend of Zelda, The - Oracle of Ages (USA, Australia)
387E6459	Shrek - Fairy Tale Freakdown (USA, Europe) (En,Fr,De,Es,It)
389CF56F	Pocket Color Block (Japan) (En) (SGB Enhanced) (GB Compatible)
38B022BE	Roadsters (USA) (En,Fr,De,Es,It,Nl) (GB Compatible)
38CE3F76	Tom and Jerry in - Mouse Attacks! (USA)
38CE9E68	Canoe Slalom (World)
38D91885	Zoboomafoo - Playtime in Zobooland (USA)
38F00974	Denki Blocks! (Europe) (En,Fr,De,Es,It)
38F208F3	Fighter on the Path of Glory (World) (En,Ja) (v1.00) (GB Compatible)
39480C79	Mona and the Witch's Hat Deluxe (World) (GB Compatible)
3967FB31	Slime Dungeon (World) (GB Compatible)
39C432A4	Pokemon Pinball (Europe) (En,Fr,De,Es,It) (Rumble Version) (SGB Enhanced) (GB Compatible)
39C6B868	NASCAR Challenge (USA) (Rumble Version)
3A0B6823	Gun Law (World)
3A0E9B6F	2003 Pocket Monster - Carbuncle (USA)
3A4D94D5	Mega Man Xtreme (USA, Europe) (GB Compatible)
3AA75F1C	NBA Jam 2001 (USA, Europe)
3AB3AA4F	Super Breakout (World) (ModRetro Chromatic)
3B15BDB8	GPC Rally (World) (v1.0)
3BE68391	Metal Walker (USA) (GB Compatible)
3BF7FCD4	Sesame Street - Elmo's 123s (Europe) (GB Compatible)
3C065D05	Murder Mansion (World) (v1.1.0) (GB Compatible)
3C185ECA	Cops and Robbers (World)
3C3D653C	Chase the Chuck Wagon (World)
3C476C6F	Jim Henson's Muppets (USA)
3CC6B1F9	Zebco Fishing! (USA) (Rumble Version)
3D6B598C	Toobin' (USA)
3D7CE6C7	Munch It (World)
3D87EFD8	Don't Forget About Me (World) (v1.2) (GB Compatible)
3DA834F2	Basketbrawl - Deluxe Edition (World)
3E17D04A	Tom and Jerry - Mousehunt (Europe) (En,Fr,De,Es,It)
3E9BC90B	Spirou - The Robot Invasion (Europe) (En,Fr,De,Es,It,Nl,Da)
3ED30908	Pocket Bowling (USA) (GB Compatible)
3F0D046B	2002 Digimon Adventure 6 (Taiwan) (En)
3F1D7E58	Pokemon Trading Card Game (Europe) (En,Es,It) (Rev 1) (SGB Enhanced) (GB Compatible)
3F8D6041	Klustar (USA) (GB Compatible)
3FF71758	Rugrats in Paris - The Movie (World) (Retro Rewind Collection)
40027DE8	Foal's Creek (World) (v1.06) (GB Compatible)
4005D541	ESPN International Track & Field (USA)
402DE378	Deadly Skies (Europe) (En,Fr,De)
408DC5C6	Asterix - Sur la Trace D'Idefix (Europe) (En,Fr,De,Es,It,Nl)
40A715FB	Deer Hunter (USA)
40B5EA96	Vegas Games (USA)
40DC168D	Sam the Optimistic Hedgehog (World) (GB Compatible)
410FA858	F-18 Thunder Strike (USA, Europe)
41228EE7	Sesame Street - The Adventures of Elmo in Grouchland (Europe) (GB Compatible)
41230D11	Mission - Impossible (USA) (En,Fr,Es)
412FB57C	Lucky Luke (Europe) (En,Fr,De,Es)
413473B0	Hoyle Casino (USA)
4197BFD5	Mage and the Grimoire of Beast (World) (En) (v1.01) (GB Compatible)
41E3723C	Pocket Monsters Diamond (Taiwan) (En)
41E78645	Catwoman (Europe)
420DB35C	Cookie Monster Munch (World)
4224F930	Tarzan (USA, Europe)
42A2FDF8	4 in 1 + 8 in 1 (World) (4B-001, 4B-009, 8B-001, Sachen)
436C87D4	VIP (USA) (En,Fr,Es)
437A2973	Bub-O Escape - Tournament Edition (World)
437B4921	Days Without (World)
439B087F	Yurivania III - Circle of the Polycule (World) (v1.4)
440BEE17	Xploder GB (Europe) (v1.2.3E) (GB Compatible)
441E73A8	Raven-Star (World) (v1.2)
4431F8E7	BattleTanx (USA)
443367AE	Powerpuff Girls, The - Paint the Townsville Green (USA) (Rev 2)
44524C90	Tir Na Nog (World)
446573CD	Aladdin (Europe) (En,Fr,De,Es,It,Nl)
4476E79F	Diva Starz (Europe)
44D30B7A	SWiV (Europe) (En,Fr,De,Es,It)
4523376E	Pokemon Trading Card Game (Europe) (En,Fr,De) (SGB Enhanced) (GB Compatible)
45543BA2	Moomin's Tale (Europe) (En,Fr,De)
45AE061B	Blaster Master - Enemy Below (World) (Evercade) (SGB Enhanced) (GB Compatible)
45BE9D9B	Hamtaro - Ham-Hams Unite! (Europe) (En,Fr,De,Es,It)
45C5F990	Black Tape (World) (GB Compatible)
45EBF09C	Daffy Duck - Fowl Play (USA, Europe) (GB Compatible)
46407106	Rugrats Movie, The (World) (Retro Rewind Collection) (SGB Enhanced) (GB Compatible)
4664A167	Croc (USA, Europe)
46743216	Quartet (World) (GB Compatible)
4685909B	Donald Duck - Goin' Quackers (USA) (En,Fr,De,Es,It)
46FAA730	Mary-Kate & Ashley - Get a Clue! (USA, Europe) (GB Compatible)
470DCB1D	Lufia - The Legend Returns (Europe) (En,De)
471277DF	Purple Turtles (World)
47543C51	Missile Command (USA) (Rumble Version)
476BD39D	Pong - The Next Level (USA, Europe)
479F3C4E	Pokemon Gold (Taiwan) (En)
47AECB95	Toy Story 2 (USA, Europe) (SGB Enhanced) (GB Compatible)
480D0259	Wario Land 3 (World) (En,Ja)
482944AA	Madden NFL 2000 (USA, Europe) (SGB Enhanced) (GB Compatible)
482E10C5	F1 World Grand Prix II for Game Boy Color (USA) (En,Fr,De,Es)
4839E0C1	Antz (Europe) (En,Fr,De,Es,It,Nl) (GB Compatible)
484EBA10	ECW Hardcore Revolution (USA, Europe)
4853F586	Bomberman Max - Red Challenger (USA)
48C99939	Jim Henson's Bear in the Big Blue House (Europe) (En,Fr,De,Es,It,Nl)
48E638CE	Barbie - Pet Rescue (Europe) (En,Fr,De,Es,It)
48F0B5F2	5 Minutes until Goodbye (World) (GB Compatible)
490B5676	Rockman (World)
49101556	Roswell Conspiracies - Aliens, Myths & Legends (Europe) (En,Fr,De)
492A9529	Wizard of Wor (World)
492C0EBF	Mr. Driller (USA)
497BE52B	Jurassic Boy 2 + Thunder Blast Man (Taiwan) (En) (1B-002, 1B-003, Sachen)
49F9197A	Yu-Gi-Oh! Duel Monsters 4 - Battle of Great Duelist - Joey Deck (World) (Early Days Collection)
4AA9A9C2	Ghost of the Arcade (World) (v1.7)
4AAF9F58	Dragonmaster (World)
4AB0EB5A	Treasure Island Color (World)
4AC6907B	Wendy - Every Witch Way (USA, Europe)
4AF4CC9C	Commander Keen (USA, Europe)
4B314D4B	UEFA 2000 (Europe) (En,Fr,De,Es,It,Nl)
4B3670BD	Haunted (World) (GB Compatible)
4B4553E0	Tom and Jerry - Mousehunt (Europe) (En,Fr,De,Es,It) (Rev 1)
4B83B14F	Oddworld Adventures 2 (Europe) (En,Fr,De,Es,It) (GB Compatible)
4B9143AD	Trouble City - Pocket Mission (World) (GB Compatible)
4BA47DBC	SnowCross (Europe) (En,Fr,De,Es,It,Pt)
4BCC59DC	Fellowship of the Rings (Taiwan) (En)
4BD73D99	Rox (Japan) (En) (GB Compatible)
4C1ECECB	Midway Presents Arcade Hits - Joust & Defender (USA, Europe) (GB Compatible)
4C6C9EAF	Rockman DX8 (China) (En)
4CD8CCB2	Runner (World)
4CF0FFC9	Infinitron (World) (v1.2.0)
4CFA0CFD	Finders Keepers (World)
4D3E0F51	Supercross Freestyle (Europe) (En,Fr,De,Es,It)
4D739AD7	Mayhem (World)
4E2205BE	Dashosaur DX (World) (v1.0.1) (GB Compatible)
4E226396	Tweety's High-Flying Adventure (USA)
4E37C741	Mr. Nutz (Europe) (En,Fr,De,Es,It,Nl)
4E4AF60B	Sam the Optimistic Hedgehog (World) (GB Compatible)
4EB71448	Mortal Kombat 4 (USA, Europe) (SGB Enhanced) (GB Compatible)
4EB7DB14	Microsoft Pinball Arcade (Europe)
4EC5113B	Ghostly Labyrinth (World) (GB Compatible)
4EC78785	Marble Madness (USA, Europe)
4ED4AAFA	Sesame Street Sports (USA)
4EF3DDD7	Looney Tunes (USA) (GB Compatible)
4F83B35E	Space Marauder (USA)
4FD8B7C5	Harry Potter and the Sorcerer's Stone (USA, Europe) (En,Fr,De,Es,It,Nl,Pt,Sv,No,Da,Fi)
5009B832	Shantae (World) (Switch)
5011A419	NBA Hoopz (USA)
502385C4	Daisu-ki (World) (v1.2.1)
50393A65	Postie (World) (v1.1) (GB Compatible)
5042450B	Magi Nation (USA)
504F55C5	Microsoft Pinball Arcade (USA)
50618F4B	Memory Mania Challenge (World) (v1.3) (GB Compatible)
507F9EA2	Fix My Heart (World) (GB Compo 2021) (GB Compatible)
509F1BB5	Space Baby (USA)
50A1E9A9	Elang 2003 - Mark of the Wolfs (Taiwan) (En)
50BC8E9D	Ice Age II (Taiwan) (En)
50C4585F	Chromanoids (World) (v1.0)
50DDF120	Monster Rancher Battle Card GB (USA) (SGB Enhanced) (GB Compatible)
515C1459	Mat Hoffman's Pro BMX (USA, Europe)
5179988B	Wing Warriors (World) (En,Fr,Es) (Kitmaker) (GB Compatible)
51E951B5	Evel Knievel (USA) (GB Compatible)
51EFCD7B	Basketbrawl (World)
521A2F77	Sgt. Rock - On the Frontline (USA)
52CF7153	Don't Forget About Me (World) (GB Compatible)
52EFCC35	Ghost Town (World)
52F51CB5	Super Breakout (USA) (GB Compatible)
53155E60	Bugs Bunny in - Crazy Castle 4 (Europe)
53156D4D	Heroes of Might and Magic II (USA) (En,Fr,De)
5360AE42	GB-Wordyl - English (World) (v1.0.6) (SGB Enhanced) (GB Compatible)
5381B103	Commando (World)
53B1E661	Supreme Snowboarding (Europe) (En,Fr,De)
53CF930C	Neclaus' Quest (World) (v1.1) (GB Compatible)
53E02B87	Crazy Bikers (Europe)
543ABB1B	Wacky Races (USA) (En,Fr,Es)
5449CAC0	10-Pin Bowling (Europe)
54509D24	Looney Tunes Collector - Alert! (USA) (En,Fr,Es)
546F578A	Hime's Quest (World)
548A287A	Powerpuff Girls, The - Bad Mojo Jojo (USA) (Rev 1)
54AFA0FF	Shoot It (World)
54D90A4C	NASCAR 2000 (USA, Europe)
5519C167	Warp Coin Catastrophe, The (World) (v1.1.2) (GB Compatible)
55494332	Matel Gear II (Taiwan) (En)
55BE1A6E	Sesame Street Sports (Europe)
563D9CA7	Fireman Fred (World)
56905954	Meiji Jingu (World)
5692E262	Buffy the Vampire Slayer (USA, Europe)
56B3AB5F	World Cup (World)
56B83539	102 Dalmatians - Puppies to the Rescue (USA, Europe)
56BEB694	Walt Disney World Quest - Magical Racing Tour (USA, Europe)
56D61DED	Asteroids (World) (ModRetro Chromatic)
570A8043	Judy's Adventure (World) (v11.3) (GB Compatible)
574BF5B6	Nightmare Hamlet (World)
575C456D	Possessed Willie - The Dream of Pixels (World) (En) (v1.0.2c)
577E1521	Klustar (Europe) (En,Fr,De,Es,It) (GB Compatible)
57B5D189	Closet Monsters (World) (GB Compatible)
57CA8F69	Days Without (World) (Multiple Endings)
57EA1EC8	International Superstar Soccer 2000 (Europe)
57F1A202	Barbie - Magic Genie Adventure (USA)
5933E3FA	Legend of Zelda, The - Oracle of Ages (Europe) (En,Fr,De,Es,It)
593965FF	GB-Wordyl - French (World) (GB Compatible)
597F4957	Brookwood Pocket Tactics (World) (GB Compatible)
599C867D	Race Time (Europe)
59F67529	Mr. Nutz (USA) (En,Fr,Es)
5A0B7C72	European Super League (Europe) (En,Fr,De,Es,It)
5A0D41AA	Tiny Toon Adventures - Dizzy's Candy Quest (Europe) (En,Fr,De,Es,It,Nl)
5A0F9578	Block Droppin' (World) (v1.0) (GB Compatible)
5A5453F6	Gridtrap (World)
5A9B9AE6	Bomberman Quest (Europe) (En,Fr,De) (SGB Enhanced) (GB Compatible)
5BAE3C04	Lufia - The Legend Returns (USA)
5C0E7B44	Extreme Sports with the Berenstain Bears (USA, Europe) (En,Fr,De,Es,It)
5C10315E	F1 Championship Season 2000 (Europe) (En,Fr,De,Es,It)
5C201286	Razor Freestyle Scooter (USA)
5C260D5A	Oddworld Adventures 2 (USA) (En,Fr,De,Es,It) (GB Compatible)
5C6DCA2B	Friendly Fire (World)
5CCB66CF	Bomberman Max - Blue Champion (USA)
5CE00547	Test Drive 6 (USA) (GB Compatible)
5D39A9B0	Sabrina - The Animated Series - Zapped! (USA, Europe)
5D644D24	Mommy (World) (GB Compatible)
5D85DFAD	Looney Tunes Collector - Martian Alert! (Europe) (En,Fr,De,Es,It,Nl)
5DD337EB	Micro Machines 1 and 2 - Twin Turbo (USA, Europe)
5DFC61E8	Fix & Foxi - Episode 1 - Lupo (Europe) (En,Fr,De)
5E3844FB	F.A. Premier League Stars 2001, The (Europe)
5E4266A7	Super Mario Special 3 (Taiwan) (En)
5E81CEF7	Olympic Skier (World)
5EEE76C4	Logical (Europe)
5F783000	Host, The (World)
5F8B660E	Find Out (World) (GB Compatible)
5FC6BEC0	Tom and Jerry - Mouse Hunt (USA) (En,Fr,Es)
600F61F9	ESPN National Hockey Night (USA)
60683BC4	M&M's Minis Madness (Europe)
61C653AE	NFL Blitz 2001 (USA)
622690DA	Pooh and Tigger's Hunny Safari (USA)
626DFADB	Worms Armageddon (World) (Limited Run Games)
62B5A15F	Paku Paku GB (World) (GB Compatible)
62BBAE83	Super Mario Bros. Deluxe (Europe) (Rev 2)
62F560D8	NYR - New York Race (Europe) (En,Fr,De,Es,It,Pt)
6314DA32	Star Wars - Yoda Stories (USA, Europe) (GB Compatible)
63353C0F	Spacestation Silicon Valley (Europe) (En,Fr,De,Es,It,Nl,Sv) (GB Compatible)
63BDDC68	Nyghtmare - The Ninth King (World) (Rev 1) (Free Version)
63C6C960	Featherless Cake Delivery (World) (v2.0) (GB Compatible)
63E3BBB4	Monsters, Inc. (Europe) (En,Es,Nl)
64052B9B	Mummy Returns, The (Europe) (En,Fr,De,Es,It)
644BAC84	Harley-Davidson Motor Cycles - Race Across America (USA)
6471622C	DryMouth (USA)
64921BB1	Swordbird Song - The Iron Owl Tower (World) (v3.1) (GB Compatible)
6573B88F	Toonsylvania (Europe) (En,Fr,De,Es,It,Nl)
6581C78A	Hugo (World)
659295EE	Jet Set Willy (World)
659693DE	Montezuma's Return! (Europe) (En,Fr,De,Es,It) (GB Compatible)
65B8B343	Men in Black - The Series (USA, Europe) (SGB Enhanced) (GB Compatible)
660ED37B	GB-Wordyl - Latin (World) (GB Compatible)
6628CDEE	Asterix & Obelix (Europe) (En,Fr,De,Es)
666D2A75	Jeremy McGrath Supercross 2000 (Japan) (En) (Possible Proto) (NP)
66792CDE	Looney Tunes Racing (USA) (En,Fr,De,Es,It,Nl)
66B53401	Virtual BMO (World) (v3.1) (GB Compatible)
66F17C5E	Zap'em (World)
675FBAE3	Hopp It (World)
678383D3	Tiledentity (World) (v1.1) (GB Compatible)
6791B106	Digimon Pocket (Taiwan) (En)
67C7F85C	Antz World Sportz (Europe) (En,Fr,De,Es,It,Nl)
67F5A155	Lee Carvallo's Putting Challenge II (World) (v1.1) (GB Compatible)
6830B7AF	Who Wants to Be a Millionaire - 2nd Edition (USA)
6832F38A	Tintin au Tibet (Europe) (En,Fr,De,Es,It,Nl,Sv)
6833923D	Super Breakout (Europe) (En,Fr,De,Es,It,Nl) (GB Compatible)
683752A0	Tasmanian Devil - Munching Madness (Europe) (En,Fr,De,Es,It) (GB Compatible)
685CAFCC	Hugo - Black Diamond Fever (Europe) (En,Fr,De,Es,It,Nl,Pt,Sv,No,Da,Fi)
685E76DF	Digimon Crystal II (USA)
68610203	Grand Theft Auto 2 (USA)
68CEEC9C	Xzap (World)
6908F4AF	ATV Racing & Karate Joe (Europe) (Alt)
690C0373	LEGO Alpha Team (Europe) (En,Fr,De,Es,It,Nl,Pt,Sv,No,Da)
6935FEA1	Game Boy Gallery 3 (Australia) (SGB Enhanced) (GB Compatible)
693F50DA	Austin Powers - Welcome to My Underground Lair! (Europe) (En,Fr,De,Es,It)
69483F81	Pacifist, The (World) (GB Showdown) (GB Compatible)
698D7BE4	Looney Tunes - Twouble! (USA) (En,Fr,Es) (GB Compatible)
69989152	Tetris DX (World) (SGB Enhanced) (GB Compatible)
69DB3CD8	Mary-Kate and Ashley - Crush Course (USA, Europe)
69E35940	Mega Memory Card (USA) (GB Compatible)
6A184C55	Space Invasion & Karate Joe (Europe)
6A2666AA	Frogger 2 (USA)
6A5C73FF	Yu-Gi-Oh! Duel Monsters II - Dark Duel Stories (World) (Early Days Collection) (SGB Enhanced) (GB Compatible)
6A99A079	Super 16 in 1 (Taiwan) (En) (Sachen)
6BB3B0DC	Sylvester & Tweety - Breakfast on the Run (Europe) (En,Fr,De,Es,It,Nl) (GB Compatible)
6BDE3C3E	Pokemon - Gold Version (USA, Europe) (SGB Enhanced) (GB Compatible)
6C28BCB5	WWF Betrayal (USA, Europe)
6C35E8F0	Monster Rancher Explorer (USA)
6C6423E2	RoboCop (Europe) (En,Fr,De,Es,It,Nl)
6CF39388	Snail DX, The (World) (v1.2) (GB Compatible)
6D48765E	Turok 3 - Shadow of Oblivion (USA, Europe) (En,Fr,De,Es)
6D50772D	JumpStart Dino Adventure - Field Trip (USA)
6D59104F	Wings of Fury (Europe) (En,Fr,De) (GB Compatible)
6D7EC41B	LEGO Alpha Team (USA)
6DA8E6EB	Bugs Bunny et le Chateau des Catastrophes (France) (En)
6DCFDFE2	Ultimate Paintball (USA, Europe)
6DE1D581	Beauty and the Beast - A Board Game Adventure (USA, Australia) (SGB Enhanced) (GB Compatible)
6DECC6B3	Rainbow Islands (Europe) (En,Fr,De,Es,It)
6E39EBC4	Kelly Club (USA)
6E447A33	Pokemon - Mewtwo Strikes Back (Taiwan) (En)
6E484D6A	Hauntsfield (World) (v2.0) (GB Compatible)
6EBAD539	Emperor's New Groove, The (USA)
6EC6C18C	Skelby (World)
6ECFD234	Airwolf 16 (World)
6EDA6A3A	Turok 2 - Seeds of Evil (USA, Europe) (En,Fr,De,Es) (GB Compatible)
6EDACBB3	Lunatic Tower (World)
6F430DDA	Hidden Gems (World) (GB Compo 2023) (GB Compatible)
6F4641F0	Cave Fighter (World)
6F5C315D	Rayman 2 (USA) (En,Fr,De,Es,It)
6F97B043	Smurfs Nightmare, The (Europe) (En,Fr,De,Es)
6F9EF15E	Alfred's Adventure (Europe) (En,Fr,De,Es,It)
6FB0BA23	Tazz (World)
701847F5	Feed IT Souls (World) (v1.3)
7025EB63	Rocket Power - Gettin' Air (USA, Europe)
703C057F	Formula One 2000 (USA)
705B150F	Neighbor (World) (GB Compatible)
70760CCE	Uno (Europe) (En,Fr,De,Es,It,Nl) (GB Compatible)
709CDA93	Shaun Palmer's Pro Snowboarder (USA, Australia)
70F3B431	Halloween Racer (Europe) (En,Fr,De,Es,It,Pt)
71043D76	Asterix & Obelix Contre Cesar (Europe) (En,Fr,De,Es,Nl) (GB Compatible)
71214856	Rugrats - Time Travelers (World) (Retro Rewind Collection) (GB Compatible)
712D40A5	Monsters, Inc. (Europe) (En,Fr,It)
713C6C17	Spy vs Spy (Europe) (En,Fr,De,Es,It,Nl,Sv)
71536B8E	Pokemon - Sapphire Version (USA)
717B3525	Roadsters (Europe) (En,Fr,De,Es,It,Nl) (GB Compatible)
7181CBD0	Klax (USA, Europe)
71B857EA	Army Men - Sarge's Heroes 2 (USA, Europe) (En,Fr,De)
71D52876	Azure Dreams (USA) (SGB Enhanced) (GB Compatible)
71D693DA	Dragon Warrior I & II (USA) (SGB Enhanced) (GB Compatible)
71ED0DB8	Smickeonn - The Game 2 - Virtual Boy Edition (World)
71F798B5	Deja Vu I & II - The Casebooks of Ace Harding (Europe) (En,Fr)
720C7023	10-Pin Bowling (USA) (Rumble Version)
7217C41D	Fury (World)
726EED2A	Digimon Amethyst (USA)
7273A4F4	Startled 911 (Taiwan) (En)
7299401F	Firemen (World)
72A5E820	Hot Wheels - Stunt Track Driver (USA, Europe) (SGB Enhanced) (GB Compatible)
72B981E3	GB-Wordyl - French (World) (v1.0.3) (SGB Enhanced) (GB Compatible)
72C67D63	Junior Maths 2 (World)
72FCB0AD	Spawn (USA)
73160E05	Rhino Rumble (USA, Europe)
7328CFB6	Wing Warriors (World) (En,Fr,Es) (EGS) (GB Compatible)
7348BB32	Opossum Country (World) (GB Compatible)
7361D6BC	Tweety's High-Flying Adventure (Europe) (En,Fr,De)
73762D53	Heebie Jeebies (World)
7384CFCC	Infinity (World) (v1.1) (Incube8 Games)
744561F3	MTV Sports - Skateboarding Featuring Andy MacDonald (USA, Europe)
7455782E	Harbour Attack (World)
746936C6	Barbie - Ocean Discovery (USA) (GB Compatible)
748564AE	NBA Pro 99 (Europe) (SGB Enhanced) (GB Compatible)
748D1345	Blue's Clues - Blue's Alphabet Book (USA)
74E04C07	Triple Play 2001 (USA, Europe)
753BDCE4	David Beckham Soccer (Europe) (En,Fr,De,Es,It)
7543586A	Friday the 13th - The GB Game (World) (GB Compatible)
75591760	Waternet (World) (Batteryless Save Flash Cartridge Version) (GB Compatible)
7587F2DA	GB-Wordyl - English (World) (v1.0.3) (SGB Enhanced) (GB Compatible)
759F07BD	Fellowship of the Rings (China) (En)
75D1063A	Powerpuff Girls, The - Bad Mojo Jojo (Europe) (BJJP)
767CAA42	Shelly Club (Europe) (En,Fr,De,Es,It)
769A2C5A	Catz (USA)
76CF3E3A	Looney Tunes (Europe) (GB Compatible)
772337F4	Harry Potter 2 - The Black Art Wrestle Edition (USA)
7744F551	Grimace's Birthday (World) (v1.1)
776FC18E	What Friends Are For (World) (v2.0) (GB Compatible)
77A4DC63	Rescue Heroes - Fire Frenzy (USA)
77B8B43B	Dork's Dilemma (World)
77BEE0C7	Tyrannosaurus Tex (World) (Piko Interactive)
78171223	Skelost (World)
783BC02D	Kirikou (Europe) (En,Fr,De,Es,It,Pt)
786B5AB4	Turok - Rage Wars (USA, Europe) (En,Fr,De,Es)
788043B5	Astral Possession (World) (GB Compatible)
788859AE	Powerpuff Girls, The - Battle Him (Europe)
78F9A1B1	Egg (World)
795A9992	TG Rally 2 (United Kingdom)
7987D5CD	ATV Racing (Europe)
7A1C9A9F	Downer (World) (GB Compatible)
7A2801FB	Bugs Bunny - Crazy Castle 3 (USA, Europe) (GB Compatible)
7A7DDFF5	Sheep Split (World)
7AA371ED	Tiny Toon Adventures - Buster Saves the Day (Europe) (En,Fr,De,Es,It)
7AE23888	NBA Show Time - NBA on NBC (USA)
7AFAE089	Gedou Jian Shen - Soul Falchion (Taiwan) (En) (Alt 2)
7B31122D	Panik!16 (World)
7B9457CE	GbBBS95 (World) (v1.4.6) (SGB Enhanced) (GB Compatible)
7B9488EC	Death Race 16 (World)
7B9B2468	Towers - Lord Baniff's Deceit (USA, Europe)
7BF836DB	Dragon Ball Z - Legendary Super Warriors (Europe)
7C0F52CC	Disco Elysium - Game Boy Edition (World) (No Music) (GB Compatible)
7C7FDEFC	Chase H.Q. - Secret Police (USA) (SGB Enhanced) (GB Compatible)
7CFF943E	Deisanebe (World) (GB Compatible)
7CFF9F0B	2003 Digimom Sapphii (Taiwan) (En)
7D2519C7	Blaze (World)
7DED5C71	Baby Felix - Halloween (Europe) (En,Fr,De,Es,It,Nl)
7E821F47	Legend of the River King GBC (USA) (SGB Enhanced) (GB Compatible)
7E8EC278	Block Droppin' (World) (v1.1) (GB Compatible)
7E9EDA35	Spiky Harold (World)
7ED58128	Octopus Stressus (World) (GB Compatible)
7EDA0E26	2001 Fatal Fury (Taiwan) (En)
7EFDCA8A	Looney Tunes Racing (Europe) (En,Fr,De,Es,It,Nl)
7F4386E9	Grimace's Birthday (World)
7FA7FE54	Booga-Boo (World)
7FD46DA1	Animorphs (Europe) (En,Fr,De,Es,It)
7FF2042F	Alone in the Dark - The New Nightmare (Europe) (En,Fr,De,Es,It,Nl)
7FFF1142	Indiana Jones and the Infernal Machine (USA, Europe) (En,Fr,De)
8007B964	160x128x112 (World)
800EFB3D	Tiny Toon Adventures - Buster Saves the Day (USA)
803A56AE	Yu-Gi-Oh! - Dark Duel Stories (USA)
803D5D57	International Track & Field (USA) (SGB Enhanced) (GB Compatible)
80444A86	Golf Daisuki! (Japan) (En) (SGB Enhanced) (GB Compatible)
8067298A	Tynesoft Commodore 16 Classics (World)
8077DD95	Pokemon Sapphire (Taiwan) (En)
81069D53	Pokemon Trading Card Game (USA, Australia) (SGB Enhanced) (GB Compatible)
81230564	SpongeBob SquarePants - Legend of the Lost Spatula (USA, Europe)
8142A3E8	Tonka Construction Site (USA)
816A4D94	Stranded Kids (Europe) (En,Fr,De) (SGB Enhanced) (GB Compatible)
818F3AF6	Sabrina - The Animated Series - Zapped! (Europe) (En,Fr,De)
81B2BB8D	Vegas Games (Europe) (En,Fr,De)
81D24D61	Hat Boy (World) (GB Compatible)
8206B1CE	Pokemon Puzzle Challenge (Europe) (En,Fr,De,Es,It)
824C3BF3	Cannon Fodder (Europe) (En,Fr,De,Es,It)
82658661	StarFox - Grounded (World) (GB Compatible)
82D1A721	Beach'n Ball (Europe) (En,Fr,De,Es,It)
82F54E7E	Water Grandprix (World)
8321A1B9	E.T. - The Extra-Terrestrial and the Cosmic Garden (Europe) (En,Fr,De,Es,It,Nl)
83466D47	Walfie's Nonograms (World) (GB Compatible)
834A72C0	Pro Darts (USA)
834CAF7A	Powerpuff Girls, The - Bad Mojo Jojo (USA)
8360047A	Bug's Life, A (USA) (SGB Enhanced) (GB Compatible)
83AD5B99	X-Men - Wolverine's Rage (Europe)
83BB62F8	Sofia the Witch - Curse of the Monster Moon (World)
84084E5F	Hexcite - The Shapes of Victory (USA, Europe) (SGB Enhanced) (GB Compatible)
840FD525	Legend of the River King 2 (USA) (SGB Enhanced) (GB Compatible)
84499FC1	Top Gear Pocket (USA) (Rumble Version)
845B4E44	Noddy and the Birthday Party (Europe) (En,Fr,De,Es)
846AFC79	Ryan Veeder's Mud Warriors (World) (GB Compatible)
846FC830	Duke Nukem (USA) (En,Fr,De,Es,It)
84872999	E.T. - The Extra-Terrestrial - Digital Companion (USA)
84A880B9	Mary-Kate and Ashley - Pocket Planner (USA, Europe) (GB Compatible)
84BE0EED	NBA Jam 99 (USA, Europe) (GB Compatible)
84E29B87	Buzz Lightyear of Star Command (USA, Europe)
84FC838A	Mummy, The (Europe) (En,Fr,De)
8505D139	Pooh and Tigger's Hunny Safari (Europe) (En,Fr,De,Es,It,Nl)
851C8710	Jim Henson's Bear in the Big Blue House (USA) (En,Fr,De,Es,It,Nl)
854F4297	Mirror Between Us, The (World) (GB Compatible)
85545D81	Alice in Wonderland (Europe) (En,Fr,De,Es)
856ED536	Zone Control (World)
85A98C7D	Gex 3 - Deep Pocket Gecko (USA)
861F9A63	Back to Nature (World)
8649D7A0	M&M's Minis Madness (USA)
87431672	1942 (USA, Europe)
87588725	Mortal Kombat 4 (Germany) (En) (SGB Enhanced) (GB Compatible)
8780E125	GB-Wordyl - English (World) (GB Compatible)
87956DDF	Super Jacked Up Tomato Face Johnson (World) (Jam Version)
87EF9530	Legend of the River King GB (Europe) (SGB Enhanced) (GB Compatible)
8800F1C9	Konami GB Collection Vol.4 (Europe) (GB Compatible)
8813B725	Yu-Gi-Oh! Duel Monsters 4 - Battle of Great Duelist - Yugi Deck (World) (Early Days Collection)
88198DB7	Yu-Gi-Oh! - Monster Capsule GB (World) (Early Days Collection) (SGB Enhanced) (GB Compatible)
88BB855C	Fillo - Crystal Version (World)
898151C9	Croc - 25th Anniversary Edition (World) (v1.2) (ModRetro Chromatic)
89AC8948	In the Dark (World) (SGB Enhanced) (GB Compatible)
89D5D936	Asteroids (USA, Europe) (GB Compatible)
8A4C58FA	Jet Set Willy II - The Final Frontier (World)
8AD48636	Pokemon - Silver Version (USA, Europe) (SGB Enhanced) (GB Compatible)
8B195237	Rugrats in Paris - The Movie (USA, Europe)
8B63F36F	Men in Black 2 - The Series (USA) (En,Fr,De)
8BC5B62A	NHL Blades of Steel 2000 (USA)
8BD1F635	Hollywood Pinball (Europe) (En,Fr,De,It) (GB Compatible)
8BD98942	Retro Quiz Tower (World) (GB Compatible)
8C195F49	Nations, The - Land of Legends (Europe) (En,De)
8C2D9B43	Snoopy Tennis (Europe) (En,Fr,De,Es,It,Nl)
8C31C136	Sir Knight (World)
8CA9DBE0	Don't Forget About Me (World) (v1.1) (GB Compatible)
8CDAB77F	3D Pocket Pool (Europe) (En,Fr,De,Es,It,Nl)
8CDF4B90	Yurivania 0 - Soul Night Prelude (World) (v1.3) (GB Compatible)
8D4507F0	Robo Knight (World)
8D8BB5C4	Tony Hawk's Pro Skater (USA, Europe)
8D9A9182	F-1 World Grand Prix (Europe) (En,Fr,De,Es)
8DD38534	Snow White and the Seven Dwarfs (USA)
8E04849A	Return of the Ninja (Europe)
8E1F6BB0	Super Jacked Up Tomato Face Johnson (World) (v2.2)
8E523F2A	Centipede (World) (ModRetro Chromatic)
8E6F8037	Battleship (USA, Europe) (GB Compatible)
8E818E6F	Bust-A-Move 4 (USA, Europe) (GB Compatible)
8FA2539D	e'Fighter HOT (Taiwan) (En)
8FEDB6D8	Mega Man Xtreme 2 (USA, Europe)
903D1B1A	Wayfarer Boo - Pushing Through (World) (v1.1)
904663AF	MTV Sports - T.J. Lavin's Ultimate BMX (USA, Europe)
905AD0CB	Mario Golf (USA)
909BB02D	Crystalis (USA)
909C870F	Mask of Zorro, The (Europe)
90AB047B	Super Mario Bros. Deluxe (USA, Europe) (Rev 1)
90B4B954	Croc - 25th Anniversary Edition (World) (ModRetro Chromatic)
90F46D7E	Q-bert (USA)
913AC306	Portal Runner (USA)
915B7710	Lee Carvallo's Putting Challenge II (World) (v1.0) (GB Compatible)
91961796	Boing! (World)
91D7CCCA	Planet of the Apes (USA) (En,Fr,De,Es,It,Nl)
91DEF753	Prince Naseem Boxing (Europe) (En,Fr,De)
921999E2	X-Men - Mutant Wars (USA, Europe)
921ABB21	LEGO Island 2 - The Brickster's Revenge (Europe) (En,Fr,De,Es,It,Nl,Pt,Sv,No,Da)
924DE366	Grand Theft Auto (USA) (GB Compatible)
92A5A1AD	Ultimate Fighting Championship (Europe)
9306EDD0	Tweenies - Doodles' Bones (Europe) (En,De,Es,It)
9350C71D	Pomape Castle (World) (GB Compatible)
937729F6	Hello Kitty's Cube Frenzy (USA) (GB Compatible)
93A9789F	F1 Racing Championship (Europe) (En,Fr,De,Es,It)
93FA37BD	Bob the Builder - Fix it Fun! (USA)
9401BA47	Shanghai Pocket (Europe) (SGB Enhanced) (GB Compatible)
942D0B7F	Pokemon Trading Card Game (Europe) (En,Fr,De) (Rev 1) (SGB Enhanced) (GB Compatible)
949C6AB9	Melanie and the Magic Forest (World) (v1.1) (GB Compatible)
952B94E5	All Star Tennis 2000 (Europe) (AZTP) (GB Compatible)
9562E7E8	Cruis'n Exotica (USA)
956F1E5D	Hunt the Gwumbus (World) (v2.1)
965A02AF	Legend of Carrot (World)
96662E76	Digimon - Yellow Jade (USA)
966DAEF1	Pokemon Trading Card Game (Europe) (En,Es,It) (SGB Enhanced) (GB Compatible)
96721E5D	Gamer Boy Mission (World) (GB Compatible)
969C8961	Game & Watch Gallery 2 (USA, Europe) (SGB Enhanced) (GB Compatible)
96B1CEEC	RunieStory (World) (GB Showdown)
96D2774E	Shantae (World) (Limited Run Games)
96EFBFB9	Smickeonn - The Game Boy Adventure (World)
97280455	Capcom vs SNK - Millennium Fight 2001 (Taiwan) (En)
973D38A8	2003 Crash II Advance (USA)
9742276D	Office Combat (World) (GB Compatible)
977B54F4	Ungrateful Son, The (World) (v1.1) (GB Compatible)
97822948	Legend of Zelda, The - Link's Awakening DX (USA, Europe) (SGB Enhanced) (GB Compatible)
97E5CE2F	Lemmings & Oh No! More Lemmings (USA)
98285775	Quest - Fantasy Challenge (USA) (SGB Enhanced) (GB Compatible)
983B1D26	Maya the Bee & Her Friends (Europe) (En,Fr,De) (GB Compatible)
98C59706	Road Champs - BXS Stunt Biking (USA, Europe)
98DBFFE0	Bugs Bunny in - Crazy Castle 4 (USA)
98E4B0C4	Powerpuff Girls, The - Paint the Townsville Green (Europe) (BPTP)
98EE2E8A	Super Gran (World)
998657B7	Scrabble (Europe)
99869172	Saban's Power Rangers - Lightspeed Rescue (USA, Europe)
9A10228A	60 Minutes til Rot (World) (v1.6b) (GB Compatible)
9A9F483B	Kikstart (World)
9AA5B021	Rocky Mountain - Trophy Hunter (USA)
9AC27645	Quest - Brian's Journey (USA) (GB Compatible)
9AC546D5	Quest Arrest (World) (v1.1) (Digital) (GB Compatible)
9B6B755F	Jungle Book, The - Mowgli's Wild Adventure (USA) (En,Fr,De,Es,It)
9BAA5F46	Grimace's Birthday (World) (v1.4)
9BFF7B15	My Friendly Little Island (World) (GB Showdown) (GB Compatible)
9C01CBF6	Shelter (World)
9C17C15C	Arena 3000 (World)
9C33F76E	Spectipede (World)
9C51F4C7	Mission - Impossible (Europe) (En,Fr,De,Es,It) (Rev 1) (Possible Proto)
9C743F03	Rugrats - Time Travelers (USA, Europe) (GB Compatible)
9CBFAA3D	Wetrix (Europe) (En,Fr,De)
9CD52C18	Robin to the Rescue (World)
9D0290A7	International Superstar Soccer 99 (USA) (SGB Enhanced) (GB Compatible)
9D47261A	Powerpuff Girls, The - Paint the Townsville Green (USA)
9D9C84F4	Tom and Jerry in - Mouse Attacks! (Europe) (En,Fr,De,Es,It,Nl,Da)
9DA42ACB	Feed IT Souls - DUAL (World) (v0.1) (Alpha)
9DEE42FE	Grimace's Birthday (World) (v1.2)
9ED6059A	Grinch, The (Europe) (En,Fr,De)
9EDD066C	Lunar Docking (World)
9EDF3551	In the Dark (World) (REMIX) (GB Compatible)
9EE810EE	Petris (World)
9F81E7A0	Adventures in Carnal Hell, The (World) (En) (v1.02) (GB Compatible)
9F8620D1	WCW Mayhem (USA, Europe)
9F883B0F	Cubix - Robots for Everyone - Race 'n Robots (USA) (En,Fr,De,Es,It)
9FDD01F6	Cavelon (World)
9FEC297E	Little Mermaid II, The - Pinball Frenzy (Europe) (En,Fr,De,Es,It)
A060E59F	KnockOut (World)
A07B6E79	ATV Racing & Karate Joe (Europe)
A07DA702	Return of the Ninja (USA)
A089C656	Bomberman Quest (USA) (SGB Enhanced) (GB Compatible)
A0D64934	Knockout Kings (USA, Europe)
A0D67417	Harvest Moon 3 GBC (USA)
A0E904FC	Egbert (World)
A0E998E1	Gravitorque (World) (GB Compatible)
A0F66D87	Classic Bubble Bobble (Europe) (SGB Enhanced) (GB Compatible)
A111704F	Powerpuff Girls, The - Bad Mojo Jojo (USA) (Rev 2)
A132417D	Mario Golf (Europe)
A321FF7D	Shaoling Legend - Hero, the Saver (Taiwan) (En)
A381C914	Warp Coin Catastrophe, The (World) (v1.1) (GB Compatible)
A38D702F	Super Impostor Bros. (World) (GB Compatible)
A3BA0DB4	Jurassic Boy 2 (Taiwan) (En) (Rev 1) (Sachen)
A3F079D4	Nicktoons Racing (USA)
A3F23D7E	Matchbox Emergency Patrol (USA, Europe)
A41ED926	Jeff Gordon XS Racing (USA) (GB Compatible)
A43AB22B	Digimon 2 (Taiwan) (En)
A43D6B82	Tomte Trouble (World)
A4673646	PocketWare (World) (v1.3) (GB Compatible)
A477C7CE	Mingzhu Koudai Guaishou 3 (Taiwan) (En,Es,Zh)
A4CD26FF	Super Mario Bros. Deluxe (USA, Europe)
A4E1AAC6	Pandora's Blocks (World) (v1.8) (GB Compatible)
A504B906	Daisu-ki (World) (v1.1)
A50BE9A8	Conker's Pocket Tales (USA, Europe) (En,Fr,De) (SGB Enhanced) (GB Compatible)
A58C8282	Laura (Europe) (En,Fr,De,Es,It,Nl,Sv,Da)
A5AD3C0B	Grave Encounter, A (World) (v1.3) (GB Compatible)
A5AF4B28	Tonka Raceway (USA) (Rumble Version)
A5B09726	Flintstones, The - Burgertime in Bedrock (Europe) (En,Fr,De,Es,It)
A5D6CD6A	Buried Behind the Cabin (World) (GB Compatible)
A5E29F34	Lucky Luke (USA) (En,Fr,De,Es)
A5E3ECE9	Shanghai Pocket (USA) (SGB Enhanced) (GB Compatible)
A6007CE1	Godzilla - The Series - Monster Wars (Europe) (En,Fr,De)
A6499792	Konami GB Collection Vol.2 (Europe) (GB Compatible)
A65D66F4	Cargo (World) (GB Compatible)
A663CF31	Bionic Commando - Elite Forces (USA, Australia)
A6671528	Out on a Limb (World)
A685F89A	Tales of Monsterland (World) (v2.83) (GB Compatible)
A6DFB1D9	Tiger Woods PGA Tour 2000 (USA, Europe) (GB Compatible)
A7152869	Boarder Zone (USA)
A744DF64	Santa Claus Junior (Europe)
A781C63C	Mario Tennis (USA)
A7B09E70	Zook Z (USA)
A7B59D7B	Grimace's Birthday (World) (v1.6)
A7FAACCF	Spider-Man 2 - The Sinister Six (USA, Europe)
A8397183	Dogz (USA)
A856C066	Ronaldo V-Football (Europe) (En,Fr,De,Es,It,Nl,Pt) (GB Compatible)
A8628F7A	Tonic Trouble (Europe) (En,Fr,De,Es,It,Nl)
A86CADA1	Princess Poffin and the Spider Invasion! (World) (GB Compatible)
A890ADB2	NHL Blades of Steel (USA)
A8EBD88B	Bob the Builder - Fix it Fun! (Europe) (En,Fr,It)
A90061E9	Digimon 02 4 (Taiwan) (En)
A9050F72	Ballistic (USA) (GB Compatible)
A91A698F	Let's Bee Friends (World) (GB Compatible)
A91EC059	Aladdin (USA)
A92DCB79	Planet of the Apes (Europe) (En,Fr,De,Es,It,Nl)
A9714871	Daisu-ki (World) (v1.1.1)
A9905932	Pro Foot (France) (En,Fr,De,Es,It,Nl,Sv) (GB Compatible)
A99A33DC	Wizardry I - Proving Grounds of the Mad Overlord (Japan) (En,Ja)
A9A24479	Tiledentity (World) (v1.0) (GB Compatible)
A9A89DDA	Puchi Carat (Europe) (SGB Enhanced) (GB Compatible)
AA5F14D2	Street Fighter Alpha - Warriors' Dreams (USA)
AAE310ED	Fishing for Asteroids (World) (v1.1) (GB Compatible)
AB10CEC6	Gorf the Ghost Saves Halloween (World) (GB Compatible)
AB41A9EF	Grimace's Birthday (World) (v1.3)
AB5738A1	Harvest Moon GBC (USA) (SGB Enhanced) (GB Compatible)
AB7BFDD5	Dragon Warrior Monsters 2 - Cobi's Journey (USA) (SGB Enhanced) (GB Compatible)
AB8C3A31	Rip-Tide Racer (Europe) (En,Fr,De,Es,It) (GB Compatible)
ABA1F99A	Game Boy Camera Gallery - Mystery Show (World) (v1.4) (Digital) (GB Compatible)
ABA42B78	Austin Powers - Welcome to My Underground Lair! (USA)
ABD8CEAE	Holy Magic Century (Europe) (En,Fr,De) (SGB Enhanced) (GB Compatible)
AD0937F4	Deja Vu I & II - The Casebooks of Ace Harding (USA)
AD31B512	Postman Pat's Trail Game (World)
AD563BD9	Grand Theft Auto 2 (Europe) (En,Fr,De,Es,It)
AE024C23	Ghosts'n Goblins (USA, Europe) (GB Compatible)
AE0A1C16	Inscryption (World) (v0.5)
AE35B80B	Wolf Pack (World)
AE3F980B	River Styx Round-Up (World) (GB Compatible)
AE57D1C3	Power Spike - Pro Beach Volleyball (USA)
AE82AFA4	Speedy Gonzales - Aztec Adventure (USA, Europe) (GB Compatible)
AEB6E36F	Tower of Evil (World)
AECA7189	Yu-Gi-Oh! Duel Monsters 4 - Battle of Great Duelist - Kaiba Deck (World) (Early Days Collection)
AF13E718	Tiny Grasshopper Goes Away (World) (En,Hu) (v1.4) (GB Compatible)
AF17B3EB	Trip World DX (World) (Limited Run Games)
AF20C186	Castlevania - Demon Castle (World)
AF46EA77	Frogger (USA) (GB Compatible)
AFE8F647	Sabrina - The Animated Series - Zapped! (World) (ModRetro Chromatic)
B029017F	Rampage - World Tour (USA, Europe) (GB Compatible)
B0401D96	BIG2SMALL (World) (Digital) (GB Compatible)
B0D1DE8C	Army Men - Air Combat (USA, Europe) (En,Fr,De)
B0F43498	Woody Woodpecker Racing (Europe)
B14FA7E7	LEGO Island 2 - The Brickster's Revenge (USA) (En,Fr,Es)
B16F1752	Gold and Glory - The Road to El Dorado (Europe) (En,Fr,De,Es,It,Nl)
B1743477	Donkey Kong Country (USA, Europe) (En,Fr,De,Es,It)
B18465D2	4 in 1 + 8 in 1 (World) (4B-005, 4B-006, 8B-003, Sachen)
B2205D49	Tintin - Le Temple Du Soleil (Europe) (En,Fr,De)
B241A4F3	Batman - Chaos in Gotham (USA)
B246095F	Snooze (World) (GB Compatible)
B25F3DB5	E.T. - The Extra-Terrestrial - Escape from Planet Earth (Europe) (En,Fr,De,Es,It,Nl)
B29FC03F	Grave Encounter, A (World) (v1.21) (GB Compatible)
B2B5DC4B	Swordbird Song - The Iron Owl Tower (World) (v3.0) (GB Compatible)
B2FD062F	Battle Star (World)
B304833D	Year After, The (World) (En,Fr,Pt) (GB Compatible)
B32F4586	Batman Beyond - Return of the Joker (USA)
B3398A9B	Ultimate Surfing (Europe)
B3629B4A	Game Boy Camera Gallery - Mystery Show (World) (v1.2) (Digital) (GB Compatible)
B3681854	Babe and Friends (Europe) (En,Fr,De,Es,It) (GB Compatible)
B38EB9DE	Legend of Zelda, The - Link's Awakening DX (USA, Europe) (Rev 1) (SGB Enhanced) (GB Compatible)
B4091600	Rugrats Movie, The (Europe) (SGB Enhanced) (GB Compatible)
B4719BAB	Capybara Quest (World) (v1.2) (GB Compatible)
B4D50EED	All Humans Must Die! (World) (GB Compatible)
B4F293CC	Animorphs (USA)
B509892B	TOCA Touring Car Championship (USA, Europe)
B50CAFE4	Smurfs Nightmare, The (USA)
B57DABAE	Millennium Winter Sports (USA)
B580CB1F	Street Hero (Taiwan) (En) (1B-004, EB-004, Sachen)
B5AF4CA5	Ninja JaJaMaru - The Great World Adventure DX (USA, Europe) (Ninja JaJaMaru Retro Collection) (Switch)
B5BECECF	Thunderbirds (Europe)
B5D0AB10	Wayfarer Boo - Pushing Through (World) (v1.0)
B609ECEA	Jungle Book, The - Mowgli's Wild Adventure (Europe) (En,Fr,De,Es,It)
B6BF0672	Frogger (Europe) (En,Fr,De,Es,It,Nl) (GB Compatible)
B6F5F372	Soul Void Redux (World) (GB Compatible)
B6FFBCCA	Doug's Big Game (Europe)
B70028E4	Bass Masters Classic (USA, Europe) (GB Compatible)
B7B2354B	MTV Sports - Pure Ride (USA, Europe)
B7B91FE9	Cross Country Racing (Europe) (En,Fr,De) (SGB Enhanced) (GB Compatible)
B7C1025B	Moorhuhn 3 - ...Es Gibt Huhn! (Europe) (En,Fr,De,Es,It)
B7D49490	Gold and Glory - The Road to El Dorado (USA)
B7F0A85F	Dicee! (World) (v1.4) (GB Compatible)
B8064453	Micro Machines V3 (USA, Europe)
B80D7525	Yurivania II - Josette's Quest (World) (v1.3)
B85E63A5	Mr. Angry (World)
B85FD752	International Rally (USA) (SGB Enhanced) (GB Compatible)
B8609D43	Number Builder (World)
B868E846	Keep the Balance (Europe) (En,Fr,De,Es,It)
B8A3ECDD	Xtreme Sports (World) (Limited Run Games)
B8A54E29	Karate Joe (Europe)
B8DA7094	Airaki! (World) (GB Compatible)
B8DD8409	Lightseeker (World) (GB Compo 2023) (GB Compatible)
B97A8CB8	Gifty (Germany) (En)
B97C0BD9	Tom and Jerry (USA, Europe)
B99BEDA2	Full Time Soccer (Europe)
BA70D28F	Titus the Fox (USA) (GB Compatible)
BA907064	Frogger (USA) (Rev 1) (GB Compatible)
BB0672A6	Heroes of Might and Magic (USA) (En,Fr,De)
BB482ED7	Carmageddon - Carpocalypse Now (USA, Europe) (En,Fr,Es,It)
BB625129	NHL 2000 (USA, Europe) (SGB Enhanced) (GB Compatible)
BB64F51C	Dawn Will Come (World) (GB Compatible)
BB6DD80C	Pokemon - Crystal Version (Australia)
BB89190E	Austin Powers - Oh, Behave! (USA)
BB894EC7	Test Drive 2001 (USA)
BB9B597D	Golden Goal (Europe) (En,Fr,De,Es,It,Nl,Sv) (GB Compatible)
BC07F4FB	Tonka Raceway (USA)
BC1809CE	Monkey Puncher (Europe) (SGB Enhanced) (GB Compatible)
BC3A78DE	Swordsman on the Eternal Journey (World) (En,Ja) (v1.00) (GB Compatible)
BC550B84	Ninja Master (World)
BC562466	All-Star Baseball 2001 (USA)
BCE9CB16	Land Before Time, The (USA)
BD1E0CD7	Android Nim (World)
BD2D1F8B	Woody Woodpecker (USA)
BD4C1065	Space Invasion & Painter (Europe)
BDF9B05C	Mr. Driller (Europe)
BE4C1D83	Digimon Saphire (USA)
BE949F74	NBA in the Zone (USA) (Rev 1) (SGB Enhanced) (GB Compatible)
BEA36BF9	Ready 2 Rumble Boxing (Europe)
BEC3C24B	Aliens - Thanatos Encounter (USA, Europe)
BEC9D9A2	Apollo Mission (World)
BEF1CDE4	Las Vegas Cool Hand (USA) (GB Compatible)
BF076CA5	Dragon's Lair (USA, Europe) (En,Ja,Fr,De,Es,Zh)
BF99F8CB	Austin Powers - Oh, Behave! (Europe) (En,Fr,De,Es,It)
C016BC79	Space Invaders X (Japan) (En) (GB Compatible)
C01BBC48	Lord of the Rings, The - The Fellowship of the Ring (Taiwan) (En)
C0437E08	Xtreme Sports (World) (Switch)
C07EBE70	Tech Deck Skateboarding (USA, Europe)
C0A98305	Paperboy (USA, Europe)
C0AC1B50	Gedou Jian Shen - Soul Falchion (Taiwan) (En) (Alt)
C0C6CC8D	Porklike (World) (v1.0.14)
C0DB789E	Foal's Creek (World) (v1.05) (GB Compatible)
C0EDE71F	Hercules - The Legendary Journeys (Europe) (En,Fr,De,Es,It,Nl)
C145C036	Alone in the Dark - The New Nightmare (USA) (En,Fr,Es)
C18F82CB	Ruby & Rusty Save the Crows (World) (v2.6) (GB Compatible)
C1B22246	Classic Bubble Bobble (USA) (SGB Enhanced) (GB Compatible)
C1D60129	Croc 2 (USA, Europe)
C23D33C9	Adventure (World)
C25EE35A	David O'Leary's Total Soccer 2000 (Europe) (En,Fr,De,Es,It,Nl)
C288E400	Action Replay Xtreme - Special Edition for Pokemon Crystal (Europe)
C2BFE433	Super Mario Bros Mini (World) (v2.0.8) (GB Compatible)
C36941D3	Skull Nightmare (World)
C37D21D9	GameShark Online (USA)
C3A76413	Yurivania II - Josette's Quest (World) (v1.2)
C430A89A	Rayman (Europe) (En,Fr,De,Es,It,Nl)
C46ABA56	Survival Kids (USA) (SGB Enhanced) (GB Compatible)
C47330E2	Super Bunny Mission (World) (GB Compatible)
C4B00ADB	Clockmaker's Tale, A (World) (GB Compatible)
C4D86C05	Zodiac (World)
C5290CEE	Merlin (Europe) (En,Fr,De,Es,It,Nl)
C53ACE00	Cookie's Bakery (World) (v1.0.3) (GB Compatible)
C5447011	Yurivania - Uhaul of the Night (World) (v1.5) (GB Compatible)
C554BF64	Outward (World)
C5A47896	Grinch, The (USA)
C5BEDD2E	Ack Ack Attack (World)
C5D3D66A	Dangan GB2 (World)
C5D8B776	Sonic Adventure 8 (Taiwan) (En) (Rumble Version)
C63FA59A	Pandora's Blocks (World) (v1.9)
C64000F3	Cuthbert in Space (World)
C6859B34	Lil' Monster (USA) (SGB Enhanced) (GB Compatible)
C6B965B9	Dia de Sol Noite de Lua (World) (GB Compatible)
C6BA9F27	Mummy, The (USA)
C6E83F41	Pacifist, The (World) (GB Compatible)
C70F413E	Bandits at Zero (World)
C7297C31	Halo - Combat Devolved (World) (GB Compatible)
C761189C	Retro Quiz Tower (World) (v1.2) (GB Compatible)
C775D653	Casper (USA)
C77DC518	Tank Attack (World)
C7B61220	Tweenies - Doodles' Bones (Europe) (En,Nl,Sv,No,Da)
C8014615	Fix It Felix Jr. (World) (GB Compatible)
C82BE2F4	Magical Tetris Challenge (Europe) (En,Fr,De,Es,It,Nl,Sv) (Rev 1)
C8942EBE	ExtremeJAy - Music Showcase (World) (Album)
C8A6F68A	Harvest Moon GB (Europe) (SGB Enhanced) (GB Compatible)
C906C5AF	Sludge & Sorcery (World) (GB Compatible)
C94A413A	Wings of Fury (USA) (GB Compatible)
C997F45B	Mummy Returns, The (USA)
C9C68471	Snow White and the Seven Dwarfs (Europe) (En,Fr,De,Es,It,Nl,Sv,No,Da)
C9C68715	Monkey Magic (World)
CA377CA6	Tutti Frutti (World)
CA675933	Men in Black 2 - The Series (Europe) (En,Fr,De)
CA9E5385	Tweety's High-Flying Adventure (Europe) (En,Es,It)
CAFB8035	Hype - The Time Quest (Brazil) (En)
CB04F34D	Worms Armageddon (Europe) (En,Fr,De,Es,It,Nl)
CB291FDA	Yu-Gi-Oh! Duel Monsters - Dark Duel Stories (World) (Early Days Collection)
CBA2C784	Second Edition Harry Boy, The - The Secret of the Chamber of Secrets (USA)
CBB336ED	Championship Motocross 2001 featuring Ricky Carmichael (USA, Europe)
CBD14276	Pocket Smash Out (Europe)
CC1FB2A9	Sesame Street - Elmo's ABCs (USA) (GB Compatible)
CC777B98	Extreme Ghostbusters (Europe) (En,Fr,De,Es,It,Pt)
CD15ED36	Barca Total 2000 (Europe) (En,Fr,De,Es,It,Nl,Ca)
CDCA8A46	Cold Nights (World)
CDDA76F8	Flooder (World) (Anniversary Edition)
CDE77E9D	Cat Jumper (World) (GB Compatible)
CE4CA7B1	Tom and Jerry in - Mouse Attacks! (USA) (Rev 1)
CE55A4DE	Quest for Camelot (Europe) (En,Fr,De,Es,It,Nl) (SGB Enhanced) (GB Compatible)
CE7F108A	Lucky Luke - Desperado Train (Europe) (En,Fr,De,Es,It,Nl)
CE8DD179	Dogz (Europe)
CEE8F5E2	Croc - 25th Anniversary Edition (World) (v1.1) (ModRetro Chromatic)
CF80A2BA	Shark Attack (World)
CFA0DF0F	Warlocked (USA)
CFDF816B	Chase H.Q. - Secret Police (Europe) (SGB Enhanced) (GB Compatible)
D013D775	Rig Attack (World)
D0204F10	Ronaldo V-Soccer (USA) (En,Fr,Es,Pt) (GB Compatible)
D03BD883	GB-Wordyl - Italian (World) (v1.0.6) (SGB Enhanced) (GB Compatible)
D06BBA96	Pokemon Puzzle Challenge (USA, Australia)
D0D3DFED	Adventures of the Smurfs, The (Europe) (En,Fr,De,Es,It,Nl)
D0FECE32	Harry Potter 3 (USA)
D12EA4BD	Who Dares Wins II (World)
D1854D92	Zippy The Pinecone (World) (GB Compatible)
D1A188DC	Vigilante 8 (USA) (Rumble Version)
D1A65D74	Revelations - The Demon Slayer (USA) (SGB Enhanced) (GB Compatible)
D20DC670	Caterpillar Construction Zone (USA, Europe) (GB Compatible)
D24D6601	Dexter's Laboratory - Robot Rampage (USA, Europe)
D29AB1AA	Suicide Run (World)
D29E3EC1	Conker's Pocket Tales (World) (En,Fr,De) (Evercade) (SGB Enhanced) (GB Compatible)
D2D88CFA	Microsoft - The Best of Entertainment Pack (USA)
D2FEE5F1	Autobahn (World)
D32D46C5	Pancho (World)
D337F450	Shadowgate Classic (Europe) (En,Fr,De,Es,Sv) (Rev 1) (GB Compatible)
D33D6F7B	Backgammon (Europe) (En,Fr,De,Es) (GB Compatible)
D34B719A	Daisu-ki - Jam Edition (World) (GB Compatible)
D399B25C	Supermarket Spree DX (World) (v1.3) (GB Compatible)
D44C9806	Super Donkey Kong 5 (Taiwan) (En) (Rumble Version)
D44D3596	Wizardry III - Diamond no Kishi (Japan) (En,Ja)
D4C7F6DF	Driver - You Are the Wheelman (USA) (En,Fr,De,Es,It)
D4C95AC0	Bomb Runner 1-2 (World)
D4D6243D	Konami GB Collection Vol.3 (Europe) (GB Compatible)
D4DF856F	Mail Junkies World Port (United Kingdom) (v1.01)
D4F84329	Robin Hood (Europe) (En,Fr,De,Es,It,Nl)
D594D24B	Atlantis - The Lost Empire (USA, Europe)
D5AEED2E	Rampart (USA)
D5B4B7BB	Lion King, The - Simba's Mighty Adventure (USA, Europe)
D5E845F4	Mickey's Racing Adventure (USA, Europe) (En,Fr,De,Es,It)
D5F036CE	Ultimate Fighting Championship (USA)
D5FDF68A	WWF Attitude (USA, Europe)
D67275F7	Logical (USA)
D6881014	Racin' Ratz (USA)
D6A26444	Yars' Revenge (USA, Europe) (GB Compatible)
D6ABC1F8	Fish Files, The (Europe) (En,Fr,De,Es,It)
D6C1C1AC	Iron Cor - Stainless (World) (v2.0) (GB Compatible)
D729DB40	Qix Adventure (Europe)
D731DED7	NFL Blitz (USA, Europe) (GB Compatible)
D746DB41	Astro Plumber (World)
D77971C0	Mia Hamm Soccer Shootout (USA)
D7E9F5D7	Legend of Zelda, The - Oracle of Seasons (USA, Australia)
D81AB567	GB-Wordyl - Italian (World) (GB Compatible)
D826C75F	International Track & Field - Summer Games (Europe)
D8433DEE	Sewing Machine Operation Software (Europe) (En,Fr,De,It) (GB Compatible)
D8455984	Powerpuff Girls, The - Battle Him (USA)
D882ECCC	Snoopy Tennis (USA) (En,Fr,Es)
D8BE10D6	Friendly Fire (World) (GB Showdown) (GB Compatible)
D8FAC36C	Shanghai Pocket (Europe) (Rev 1) (SGB Enhanced) (GB Compatible)
D903DB7D	Quest for Camelot (USA, Australia) (En,Fr,Es) (SGB Enhanced) (GB Compatible)
D9062E49	John Romero's Daikatana (Europe) (En,Fr,It)
D911DD97	Toy Story Racer (USA, Europe)
D952CBAB	Armada - FX Racers (USA)
D9A22E5D	Frogger (USA) (Rev 2) (GB Compatible)
D9D90319	Infall (World)
D9EB3F2A	Digital Monster 2001 (Taiwan) (En)
DA084760	LEGO Stunt Rally (USA)
DA300C6C	V-Rally - Edition 99 (USA) (En,Fr,Es)
DA3A3278	Papyrus (Europe) (En,Fr,De,Es,It,Nl)
DAB7460C	Space Invaders (USA, Europe) (GB Compatible)
DAD6F6B4	Power Quest (USA) (En-US,En-GB,Fr,De,Es,It) (SGB Enhanced) (GB Compatible)
DAEFE53C	Casper (Europe) (En,Es,It)
DB93E0F6	Bug's Life, A (Europe) (SGB Enhanced) (GB Compatible)
DBAC1357	Legend of Zelda, The - Oracle of Seasons (Europe) (En,Fr,De,Es,It)
DBAEC8EC	Bygone Choices (World) (GB Compatible)
DBDD6D85	VIP (Europe) (En,Fr,De,Es,It)
DBE0F44E	Dragon Ball Z 3 - 2002 Fighting (Taiwan) (En)
DC0BE439	Antz (USA) (En,Fr,Es) (GB Compatible)
DCA4474E	New Adventures of Mary-Kate & Ashley, The (USA, Europe) (GB Compatible)
DCCC7514	Gex - Enter the Gecko (USA, Europe) (GB Compatible)
DD13F234	Monster Go! Go! Go!! (Taiwan) (En)
DD42BE4C	UXB (World)
DD4528D2	Starseed 2 (World) (GB Compatible)
DD5D3713	Hoyle Card Games (USA)
DD716EFE	Godzilla - The Series (USA) (En,Fr,De) (GB Compatible)
DD727F1A	Wizardry II - Llylgamyn no Isan (Japan) (En,Ja)
DD81F722	RunieStory (World) (v1.1)
DD8B189E	Polaris SnoCross (USA) (Rumble Version)
DDA231B1	GB-Wordyl - Italian (World) (v1.0.3) (SGB Enhanced) (GB Compatible)
DDE733A6	Chunkout (World)
DE04772F	Montezuma's Return! (USA) (En,Es) (GB Compatible)
DE1338D2	Madden NFL 2002 (USA)
DE373EBA	Featherless Cake Delivery (World) (v1.0) (GB Compatible)
DE390609	Dragon Tales - Dragon Adventures (USA)
DE5C21C2	Hime's Quest (World) (Digital)
DE5D5C0B	Lunar Docking (World)
DEC1260E	Sonic Adventure 7 (Taiwan) (En)
DEFB3151	Cave Hunter (World) (GB Compatible)
DF19AA9F	Dark Winter Wander, A (World) (GB Compatible)
DF445C4A	Return of the Ninja (World) (Limited Run Games)
DFCD02EF	Another Adventure (World) (En,Es) (GB Compatible)
DFD6A908	Evel Knievel (Europe) (En,Fr,De,Es,It,Nl,Sv) (GB Compatible)
DFDF90C0	Antz Racing (USA) (En,Fr,De,Es,It,Nl)
E025067B	Batman - Chaos in Gotham (Europe) (En,Fr,De,Es,It,Nl)
E038E666	007 - The World Is Not Enough (USA, Europe)
E044D080	uCity (World) (v1.3)
E0B96256	Stellar Wars (World)
E0B9FD3B	Heroes of Might and Magic (Europe) (En,Fr,De)
E101246F	Xtreme Wheels (Europe)
E108B2C2	Tonka Raceway (Europe)
E138C5A5	Mob Creche Parallel Game (World) (En,Ja)
E171F327	Princess Poffin and the Spider Invasion! (World) (GB Compatible)
E17F59A5	All-Star Baseball 2000 (USA, Europe)
E21FF9E0	Starseed (World) (GB Compatible)
E23BC705	Sergio Kidd (World) (En,Es) (v2.013)
E241EDDE	Worms Armageddon (USA) (En,Fr,Es)
E25407F1	Babe and Friends (USA) (GB Compatible)
E2AD5A0F	Top Gun - Fire Storm (USA, Europe) (En,Fr,De,Es,It,Nl)
E2BFF286	Laura (USA)
E2F527FF	Pokemon Pearl (Taiwan) (En)
E3227B7D	Frogger 2 (USA) (Rev 1)
E32BB06F	Test Drive Cycles (USA)
E3704755	Scooby-Doo! - Classic Creep Capers (USA, Europe)
E3A13D5F	Rise of the Penguins (World) (v1.16) (GB Compatible)
E3C4ABC6	Galaga - Destination Earth (USA)
E3D6964C	Powerpuff Girls, The - Battle Him (USA) (Rev 1)
E3F64FEC	Bubblegum Attack (World) (GB Compatible)
E40E99BD	Choro-Q (World)
E4188A79	Magical Drop (USA)
E41D6472	Raffles (World)
E42FD7C4	Sewing Machine Operation Software (USA) (En,Fr,Es) (GB Compatible)
E44977DC	Black Bass - Lure Fishing (USA, Europe) (GB Compatible)
E470CAFA	CyberTiger (USA, Europe)
E4827006	Varmit (World)
E4C410F0	Beauty and the Beast - A Board Game Adventure (Europe) (En,Fr,De,Es,It) (SGB Enhanced) (GB Compatible)
E5003E4E	Color Lines (World) (GB Compatible)
E541ACF1	Kirby - Tilt 'n' Tumble (USA)
E559A717	Monopoly (USA) (GB Compatible)
E56C35B1	Dragon Warrior Monsters (USA, Europe) (SGB Enhanced) (GB Compatible)
E57EB9E6	Cairn (World) (v1.4.4) (GB Compatible)
E584DFC2	Star Wars Episode I - Obi-Wan's Adventures (Europe) (En,Fr,De,Es,It)
E633841F	720 Degrees (USA, Europe) (GB Compatible)
E66E093B	Micro Maniacs (Europe)
E6A96130	Astro-Jump - The Sequel (World) (GB Compatible)
E6AF6D07	NBA in the Zone 2000 (Europe)
E6B9F155	Casper (Europe) (En,Fr,De)
E6BC2E8C	FIFA 2000 (USA, Europe) (SGB Enhanced) (GB Compatible)
E6BEC6D1	Prince of Persia (USA, Europe) (En,Fr,De,Es,It) (GB Compatible)
E6C91FB8	Cool Hand (Europe) (En,Fr,De) (GB Compatible)
E6D6AC8F	Test Drive Le Mans (USA) (En,Fr,Es)
E7210290	Climb It (World)
E7224F14	4 in 1 + 8 in 1 (World) (4B-002, 4B-004, 8B-002, Sachen)
E72F2683	Tom Clancy's Rainbow Six (USA, Europe) (En,Fr,De)
E770F71A	Zagan Warrior (World)
E7BD4A49	Maus, Die (Europe) (En,Fr,De,Es)
E7EBB394	Godzilla - The Series - Monster Wars (USA) (En,Fr,De)
E84DF1F0	Ultimate Surfing (USA)
E856DC3D	Trick Boarder (USA)
E8F402E2	Lee Carvallo's Putting Challenge II (World) (v1.2) (GB Compatible)
E8F5824F	Pocket Soccer (Europe) (En,Fr,De,Es,It,Pt)
E8FA7203	International Superstar Soccer 2000 (USA)
E92CE3D4	Borbo's Quest (World) (GB Compatible)
E93AF9C8	Colin McRae Rally (Europe)
E96DBFB5	Zidane - Football Generation (Europe) (En,Fr,De,Es,It)
E9878197	Rayman (World) (En,Fr,De,Es,It,Nl) (ModRetro Chromatic)
E994B59B	Shantae (USA)
E99BDEE6	Robot Wars - Metal Mayhem (Europe) (En,Fr,De,It,Nl,Sv)
E9E67403	Driver (Europe) (En,Fr,De,Es,It)
EA33FE3D	Bob the Builder - Fix it Fun! (Europe) (En,Fr,De,Es,Nl)
EA3B9C73	Armorines - Project S.W.A.R.M. (USA, Europe) (En,De)
EA87AD5D	Ghost of the Arcade (World) (GB Compo 2023) (GB Compatible)
EA9EE203	Magical Drop (Europe) (En,Fr,De)
EAAE6F3E	Rockets Vs Cars (World) (GB Compatible)
EAC459FA	Autumn With You, An (World) (GB Compatible)
EB0F4F3E	Chopper War (World)
EB273887	Stuart Little - The Journey Home (USA, Europe)
EB29C584	Emperor's New Groove, The (Europe) (En,Fr,De,Es,It)
EBAF4888	Simpsons, The - Night of the Living Treehouse of Horror (USA, Europe)
EBCCA3DA	Top Gear Pocket (Japan) (En) (Rumble Version)
EBE0ECD6	Diva Starz - Mall Mania (USA)
EBE70D3D	Liberator (World)
EC2FBDFD	Koudai Guaishou - Dongzuo Pian (Taiwan) (En) (Alt)
EC4F9D49	Musical Notes (World)
EC6278A3	X-Men - Mutant Academy (USA, Europe)
ED8CD385	Leaper (World)
EDA12F0D	Rayman (USA) (En,Fr,De,Es,It,Nl)
EDB3AC37	Alley Cat (World)
EDDF2923	Project S-11 (World) (ModRetro Chromatic)
EE1C2E1D	Boxed In (World) (GB Compatible)
EE4CBA24	Microsoft - The 6 in 1 Puzzle Collection Entertainment Pack (Europe) (En,Fr,De,Es,It)
EE6F5188	Pokemon - Crystal Version (USA)
EE79117D	Freestyle Scooter (Europe)
EEDEFA0C	Neclaus' Quest (World) (GB Compatible)
EEF4A20B	F1 World Grand Prix II for Game Boy Color (Europe) (En,Fr,De,Es)
EF202121	Waternet (World) (GB Compatible)
EF349515	Disco Elysium - Game Boy Edition (World) (Music) (GB Compatible)
EF368F16	San Francisco Rush 2049 (USA, Europe)
EF6C39C8	Booty (World)
EF9F5BEA	Warriors of Might and Magic (USA) (En,Fr,De)
EFB87F80	Top Gear Pocket 2 (USA)
EFB9196D	Shamus (USA, Europe) (GB Compatible)
EFBEFB4B	Fishing for Asteroids (World) (v1.0) (Mini Jam 153) (GB Compatible)
EFE3FC64	Trick Boarder (Europe)
F0191467	POWA! (World) (En) (GB Compatible)
F026D509	Uno (USA) (GB Compatible)
F03599A3	Arthur's Absolutely Fun Day! (USA)
F03FFDAF	Puzzled (USA)
F0463D51	Spy vs Spy (USA)
F0CC407F	Bugs Bunny & Lola Bunny - Operation Carrot Patch (Europe) (En,Fr,De,Es,It,Nl) (GB Compatible)
F0DE3CE7	Xena - Warrior Princess (USA, Europe) (En,Fr,De,Es,It,Nl)
F0F9ABE6	Jeremy McGrath Supercross 2000 (USA, Europe)
F1948966	Game Boy Camera Gallery 2022, The (World) (GB Compatible)
F19D5E86	Knit-Wit (World) (v1.1) (GB Compatible)
F222B03B	Expiration Date (World) (v1.5) (GB Compatible)
F2335DA9	Ms. Pac-Man - Special Colour Edition (Europe) (SGB Enhanced) (GB Compatible)
F24D010A	Legend of the River King 2 (Europe) (SGB Enhanced) (GB Compatible)
F253E082	Land Before Time, The (Europe) (En,Fr,De,Es,It)
F25B52A0	Infinity (World) (Incube8 Games)
F2762FB0	Swordsman on the Eternal Journey (World) (En,Ja) (v1.01) (GB Compatible)
F2B1967E	Magician's Curse, The (World)
F319E823	Bob the Builder - Fix it Fun! (Europe) (En,Sv,No,Da,Fi)
F3879EF0	Grimace's Birthday (World) (v1.7)
F39A5C4F	NASCAR Racers (USA)
F39C8119	Piecrust (World)
F40199C9	Midway Presents Arcade Hits - Moon Patrol & Spy Hunter (USA, Europe) (GB Compatible)
F402797D	Croc 2 (World) (ModRetro Chromatic)
F427EEE1	Airaki! (World) (Digital) (GB Compatible)
F4609FE3	Dinosaur'us (Europe) (En,Fr,De,Es,It,Nl)
F4801F21	Painter (Europe)
F4F5ED18	F1 Championship Season 2000 (Brazil) (En,Fr,De,Es,It)
F4FF5EB0	Diver 94 (World) (GB Compatible)
F519F4C3	Hands of Time (USA, Europe) (En,Fr,De,Es,It,Nl)
F53CF66C	Magical Tetris Challenge (USA)
F565647F	Pac-Man - Special Colour Edition (Europe) (SGB Enhanced) (GB Compatible)
F5DF28C2	Nyghtmare - The Ninth King (World) (Free Version) (GB Compatible)
F614BDFF	Melanie and the Magic Forest (World) (GB Compatible)
F625A959	Antz Racing (Europe) (En,Fr,De,Es,It,Nl)
F62AD75E	4x4 World Trophy (Europe) (En,Fr,De,Es,It) (GB Compatible)
F6449829	Tristam Island (World) (v1.6) (GB Compatible)
F651FCF4	Mission Mars (World)
F660ED94	Toy Story Racer (Europe) (En,Fr,De)
F6865B09	LEGO Racers (USA) (En,Fr,Es)
F6891AE3	Rope & Bombs (World) (SGB Enhanced) (GB Compatible)
F689B91E	AF+ER (World) (GB Compatible)
F6A876A5	Shadowgate Classic (USA, Europe) (En,Fr,De,Es,Sv) (GB Compatible)
F6B9FE4E	Loco-coco (World)
F6BAE9A0	NBA in the Zone (USA) (Possible Proto) (SGB Enhanced) (GB Compatible)
F6BF0584	My Friendly Little Island (World)
F71042B8	AJXI - Cosmic Climb (World) (v1.0.7)
F770878B	NSYNC - Get to the Show (USA)
F7A4FCFB	Remi's Pizzaria (World) (GB Compatible)
F7FE3D01	Crazy Golf (World)
F817E978	Yogi Bear - Great Balloon Blast (USA)
F8402DC5	Waternet (World) (Batteryless Generic Save Flash Cartridge Version) (GB Compatible)
F85C3F2C	Resident Evil Gaiden (Europe) (En,Fr,De,Es,It)
F87760B3	Feed IT Souls (World) (v1.4)
F8BD2A01	Chicken Run (USA, Europe) (En,Fr,De,Es,It)
F8C5021B	Resident Evil Gaiden (USA)
F8DA0C4A	Bust-A-Move Millennium (USA, Europe)
F8E8E1F3	Grimace's Birthday (World) (v1.5)
F911BB5D	Pitfall - Beyond the Jungle (USA, Europe) (GB Compatible)
F9731EE2	Super Jacked Up Tomato Face Johnson (World) (v2.3)
F9A5ED4E	Midterm Moments (World) (GB Compatible)
F9CCAB09	Azure Dreams (Europe) (En,Fr,De) (SGB Enhanced) (GB Compatible)
F9D5B399	Batman of the Future - Return of the Joker (Europe) (En,Fr,De)
FA1E6853	Billy Bob's Huntin' 'n' Fishin' (USA, Europe)
FA2A66E9	Pocket Bomberman (USA, Europe) (SGB Enhanced) (GB Compatible)
FA2D92A1	Forest of Fallen Knights (World) (GB Compatible)
FA528F88	Proof of Destruction (World)
FA83B37C	NASCAR Heat (USA)
FA8436BA	Tycoon Tex (World)
FAFBCEBF	Meteorite (World)
FB08DCEB	Dukes of Hazzard, The - Racing for Home (USA)
FB60D1C5	Super 6 in 1 (Taiwan) (En,Zh) (6B-001, Sachen)
FB9280AC	How a Body Sounds (World)
FBB97680	New Addams Family Series, The (Europe) (En,Fr,De,Es,It,Pt)
FBF97372	Pocket Racing (Europe)
FC1D4089	R-Type DX (USA, Europe) (GB Compatible)
FC3D1BB7	Duke Nukem (Europe) (En,Fr,De,Es,It)
FC6195EF	Rugrats - Totally Angelica (USA, Europe)
FC67F7E4	Pop'n Pop (Europe)
FC94DBF3	Usurper Ghoul (World) (v1.9) (GB Compatible)
FCBA12AE	WWF WrestleMania 2000 (USA, Europe) (GB Compatible)
FCC05EC4	Flashin' (World) (v3.0) (GB Compatible)
FD1066AC	Monty on the Run (World)
FD5290A1	Tony Hawk's Pro Skater 3 (USA, Europe)
FD52ACC7	One Day (World) (GB Compatible)
FDB38C49	NBA in the Zone 2000 (USA)
FDC8E7F1	Barbie - Ocean Discovery (United Kingdom) (GB Compatible)
FE8BF4E8	Digimon 3 Crystal (Taiwan) (En)
FEAC2611	Hunter in the Lost Forest (World) (En) (GB Compatible)
FEBE2606	Rugrats Movie, The (USA) (SGB Enhanced) (GB Compatible)
FF0A848B	20 Second Platformer, A (World) (GB Compatible)
FF118DB9	Stratagem Hero (World) (GB Compatible)
FF31CC92	AirForce Delta (USA)
FF3BEAB1	G-Man (World)
FF6BBC83	Postie (World) (GB Compatible)
FF854161	Unearthed Zero (World) (2021 Jam Version) (GB Compatible)
